[2026-10-10 07:47:51] production.ERROR: Call to undefined method Illuminate\Foundation\ProviderRepository::defaultProviders() {"exception":"[object] (Error(code: 0): Call to undefined method Illuminate\\Foundation\\ProviderRepository::defaultProviders() at /var/www/backend/config/app.php:17)
[stacktrace]
#0 /var/www/backend/vendor/laravel/framework/src/Illuminate/Foundation/Bootstrap/LoadConfiguration.php(97): require()
#1 /var/www/backend/vendor/laravel/framework/src/Illuminate/Foundation/Bootstrap/LoadConfiguration.php(97): Illuminate\\Foundation\\Bootstrap\\LoadConfiguration->Illuminate\\Foundation\\Bootstrap\\{closure}()
#2 /var/www/backend/vendor/laravel/framework/src/Illuminate/Foundation/Bootstrap/LoadConfiguration.php(78): Illuminate\\Foundation\\Bootstrap\\LoadConfiguration->loadConfigurationFile(Object(Illuminate\\Config\\Repository), 'app', '/var/www/backen...', Array)
#3 /var/www/backend/vendor/laravel/framework/src/Illuminate/Foundation/Bootstrap/LoadConfiguration.php(39): Illuminate\\Foundation\\Bootstrap\\LoadConfiguration->loadConfigurationFiles(Object(Illuminate\\Foundation\\Application), Object(Illuminate\\Config\\Repository))
#4 /var/www/backend/vendor/laravel/framework/src/Illuminate/Foundation/Application.php(342): Illuminate\\Foundation\\Bootstrap\\LoadConfiguration->bootstrap(Object(Illuminate\\Foundation\\Application))
#5 /var/www/backend/vendor/laravel/framework/src/Illuminate/Foundation/Console/Kernel.php(474): Illuminate\\Foundation\\Application->bootstrapWith(Array)
#6 /var/www/backend/vendor/laravel/framework/src/Illuminate/Foundation/Console/Kernel.php(196): Illuminate\\Foundation\\Console\\Kernel->bootstrap()
#7 /var/www/backend/vendor/laravel/framework/src/Illuminate/Foundation/Application.php(1235): Illuminate\\Foundation\\Console\\Kernel->handle(Object(Symfony\\Component\\Console\\Input\\ArgvInput), Object(Symfony\\Component\\Console\\Output\\ConsoleOutput))
#8 /var/www/backend/artisan(10): Illuminate\\Foundation\\Application->handleCommand(Object(Symfony\\Component\\Console\\Input\\ArgvInput))
#9 {main}
"} 
[2026-10-10 07:47:52] production.ERROR: Call to undefined method Illuminate\Foundation\ProviderRepository::defaultProviders() {"exception":"[object] (Error(code: 0): Call to undefined method Illuminate\\Foundation\\ProviderRepository::defaultProviders() at /var/www/backend/config/app.php:17)
[stacktrace]
#0 /var/www/backend/vendor/laravel/framework/src/Illuminate/Foundation/Bootstrap/LoadConfiguration.php(97): require()
#1 /var/www/backend/vendor/laravel/framework/src/Illuminate/Foundation/Bootstrap/LoadConfiguration.php(97): Illuminate\\Foundation\\Bootstrap\\LoadConfiguration->Illuminate\\Foundation\\Bootstrap\\{closure}()
#2 /var/www/backend/vendor/laravel/framework/src/Illuminate/Foundation/Bootstrap/LoadConfiguration.php(78): Illuminate\\Foundation\\Bootstrap\\LoadConfiguration->loadConfigurationFile(Object(Illuminate\\Config\\Repository), 'app', '/var/www/backen...', Array)
#3 /var/www/backend/vendor/laravel/framework/src/Illuminate/Foundation/Bootstrap/LoadConfiguration.php(39): Illuminate\\Foundation\\Bootstrap\\LoadConfiguration->loadConfigurationFiles(Object(Illuminate\\Foundation\\Application), Object(Illuminate\\Config\\Repository))
#4 /var/www/backend/vendor/laravel/framework/src/Illuminate/Foundation/Application.php(342): Illuminate\\Foundation\\Bootstrap\\LoadConfiguration->bootstrap(Object(Illuminate\\Foundation\\Application))
#5 /var/www/backend/vendor/laravel/framework/src/Illuminate/Foundation/Console/Kernel.php(474): Illuminate\\Foundation\\Application->bootstrapWith(Array)
#6 /var/www/backend/vendor/laravel/framework/src/Illuminate/Foundation/Console/Kernel.php(196): Illuminate\\Foundation\\Console\\Kernel->bootstrap()
#7 /var/www/backend/vendor/laravel/framework/src/Illuminate/Foundation/Application.php(1235): Illuminate\\Foundation\\Console\\Kernel->handle(Object(Symfony\\Component\\Console\\Input\\ArgvInput), Object(Symfony\\Component\\Console\\Output\\ConsoleOutput))
#8 /var/www/backend/artisan(10): Illuminate\\Foundation\\Application->handleCommand(Object(Symfony\\Component\\Console\\Input\\ArgvInput))
#9 {main}
"} 
[2026-10-10 07:47:54] production.ERROR: Call to undefined method Illuminate\Foundation\ProviderRepository::defaultProviders() {"exception":"[object] (Error(code: 0): Call to undefined method Illuminate\\Foundation\\ProviderRepository::defaultProviders() at /var/www/backend/config/app.php:17)
[stacktrace]
#0 /var/www/backend/vendor/laravel/framework/src/Illuminate/Foundation/Bootstrap/LoadConfiguration.php(97): require()
#1 /var/www/backend/vendor/laravel/framework/src/Illuminate/Foundation/Bootstrap/LoadConfiguration.php(97): Illuminate\\Foundation\\Bootstrap\\LoadConfiguration->Illuminate\\Foundation\\Bootstrap\\{closure}()
#2 /var/www/backend/vendor/laravel/framework/src/Illuminate/Foundation/Bootstrap/LoadConfiguration.php(78): Illuminate\\Foundation\\Bootstrap\\LoadConfiguration->loadConfigurationFile(Object(Illuminate\\Config\\Repository), 'app', '/var/www/backen...', Array)
#3 /var/www/backend/vendor/laravel/framework/src/Illuminate/Foundation/Bootstrap/LoadConfiguration.php(39): Illuminate\\Foundation\\Bootstrap\\LoadConfiguration->loadConfigurationFiles(Object(Illuminate\\Foundation\\Application), Object(Illuminate\\Config\\Repository))
#4 /var/www/backend/vendor/laravel/framework/src/Illuminate/Foundation/Application.php(342): Illuminate\\Foundation\\Bootstrap\\LoadConfiguration->bootstrap(Object(Illuminate\\Foundation\\Application))
#5 /var/www/backend/vendor/laravel/framework/src/Illuminate/Foundation/Console/Kernel.php(474): Illuminate\\Foundation\\Application->bootstrapWith(Array)
#6 /var/www/backend/vendor/laravel/framework/src/Illuminate/Foundation/Console/Kernel.php(196): Illuminate\\Foundation\\Console\\Kernel->bootstrap()
#7 /var/www/backend/vendor/laravel/framework/src/Illuminate/Foundation/Application.php(1235): Illuminate\\Foundation\\Console\\Kernel->handle(Object(Symfony\\Component\\Console\\Input\\ArgvInput), Object(Symfony\\Component\\Console\\Output\\ConsoleOutput))
#8 /var/www/backend/artisan(10): Illuminate\\Foundation\\Application->handleCommand(Object(Symfony\\Component\\Console\\Input\\ArgvInput))
#9 {main}
"} 
[2026-10-10 07:47:56] production.ERROR: Call to undefined method Illuminate\Foundation\ProviderRepository::defaultProviders() {"exception":"[object] (Error(code: 0): Call to undefined method Illuminate\\Foundation\\ProviderRepository::defaultProviders() at /var/www/backend/config/app.php:17)
[stacktrace]
#0 /var/www/backend/vendor/laravel/framework/src/Illuminate/Foundation/Bootstrap/LoadConfiguration.php(97): require()
#1 /var/www/backend/vendor/laravel/framework/src/Illuminate/Foundation/Bootstrap/LoadConfiguration.php(97): Illuminate\\Foundation\\Bootstrap\\LoadConfiguration->Illuminate\\Foundation\\Bootstrap\\{closure}()
#2 /var/www/backend/vendor/laravel/framework/src/Illuminate/Foundation/Bootstrap/LoadConfiguration.php(78): Illuminate\\Foundation\\Bootstrap\\LoadConfiguration->loadConfigurationFile(Object(Illuminate\\Config\\Repository), 'app', '/var/www/backen...', Array)
#3 /var/www/backend/vendor/laravel/framework/src/Illuminate/Foundation/Bootstrap/LoadConfiguration.php(39): Illuminate\\Foundation\\Bootstrap\\LoadConfiguration->loadConfigurationFiles(Object(Illuminate\\Foundation\\Application), Object(Illuminate\\Config\\Repository))
#4 /var/www/backend/vendor/laravel/framework/src/Illuminate/Foundation/Application.php(342): Illuminate\\Foundation\\Bootstrap\\LoadConfiguration->bootstrap(Object(Illuminate\\Foundation\\Application))
#5 /var/www/backend/vendor/laravel/framework/src/Illuminate/Foundation/Console/Kernel.php(474): Illuminate\\Foundation\\Application->bootstrapWith(Array)
#6 /var/www/backend/vendor/laravel/framework/src/Illuminate/Foundation/Console/Kernel.php(196): Illuminate\\Foundation\\Console\\Kernel->bootstrap()
#7 /var/www/backend/vendor/laravel/framework/src/Illuminate/Foundation/Application.php(1235): Illuminate\\Foundation\\Console\\Kernel->handle(Object(Symfony\\Component\\Console\\Input\\ArgvInput), Object(Symfony\\Component\\Console\\Output\\ConsoleOutput))
#8 /var/www/backend/artisan(10): Illuminate\\Foundation\\Application->handleCommand(Object(Symfony\\Component\\Console\\Input\\ArgvInput))
#9 {main}
"} 
[2026-10-10 07:47:58] production.ERROR: Call to undefined method Illuminate\Foundation\ProviderRepository::defaultProviders() {"exception":"[object] (Error(code: 0): Call to undefined method Illuminate\\Foundation\\ProviderRepository::defaultProviders() at /var/www/backend/config/app.php:17)
[stacktrace]
#0 /var/www/backend/vendor/laravel/framework/src/Illuminate/Foundation/Bootstrap/LoadConfiguration.php(97): require()
#1 /var/www/backend/vendor/laravel/framework/src/Illuminate/Foundation/Bootstrap/LoadConfiguration.php(97): Illuminate\\Foundation\\Bootstrap\\LoadConfiguration->Illuminate\\Foundation\\Bootstrap\\{closure}()
#2 /var/www/backend/vendor/laravel/framework/src/Illuminate/Foundation/Bootstrap/LoadConfiguration.php(78): Illuminate\\Foundation\\Bootstrap\\LoadConfiguration->loadConfigurationFile(Object(Illuminate\\Config\\Repository), 'app', '/var/www/backen...', Array)
#3 /var/www/backend/vendor/laravel/framework/src/Illuminate/Foundation/Bootstrap/LoadConfiguration.php(39): Illuminate\\Foundation\\Bootstrap\\LoadConfiguration->loadConfigurationFiles(Object(Illuminate\\Foundation\\Application), Object(Illuminate\\Config\\Repository))
#4 /var/www/backend/vendor/laravel/framework/src/Illuminate/Foundation/Application.php(342): Illuminate\\Foundation\\Bootstrap\\LoadConfiguration->bootstrap(Object(Illuminate\\Foundation\\Application))
#5 /var/www/backend/vendor/laravel/framework/src/Illuminate/Foundation/Console/Kernel.php(474): Illuminate\\Foundation\\Application->bootstrapWith(Array)
#6 /var/www/backend/vendor/laravel/framework/src/Illuminate/Foundation/Console/Kernel.php(196): Illuminate\\Foundation\\Console\\Kernel->bootstrap()
#7 /var/www/backend/vendor/laravel/framework/src/Illuminate/Foundation/Application.php(1235): Illuminate\\Foundation\\Console\\Kernel->handle(Object(Symfony\\Component\\Console\\Input\\ArgvInput), Object(Symfony\\Component\\Console\\Output\\ConsoleOutput))
#8 /var/www/backend/artisan(10): Illuminate\\Foundation\\Application->handleCommand(Object(Symfony\\Component\\Console\\Input\\ArgvInput))
#9 {main}
"} 
[2026-10-10 07:48:01] production.ERROR: Call to undefined method Illuminate\Foundation\ProviderRepository::defaultProviders() {"exception":"[object] (Error(code: 0): Call to undefined method Illuminate\\Foundation\\ProviderRepository::defaultProviders() at /var/www/backend/config/app.php:17)
[stacktrace]
#0 /var/www/backend/vendor/laravel/framework/src/Illuminate/Foundation/Bootstrap/LoadConfiguration.php(97): require()
#1 /var/www/backend/vendor/laravel/framework/src/Illuminate/Foundation/Bootstrap/LoadConfiguration.php(97): Illuminate\\Foundation\\Bootstrap\\LoadConfiguration->Illuminate\\Foundation\\Bootstrap\\{closure}()
#2 /var/www/backend/vendor/laravel/framework/src/Illuminate/Foundation/Bootstrap/LoadConfiguration.php(78): Illuminate\\Foundation\\Bootstrap\\LoadConfiguration->loadConfigurationFile(Object(Illuminate\\Config\\Repository), 'app', '/var/www/backen...', Array)
#3 /var/www/backend/vendor/laravel/framework/src/Illuminate/Foundation/Bootstrap/LoadConfiguration.php(39): Illuminate\\Foundation\\Bootstrap\\LoadConfiguration->loadConfigurationFiles(Object(Illuminate\\Foundation\\Application), Object(Illuminate\\Config\\Repository))
#4 /var/www/backend/vendor/laravel/framework/src/Illuminate/Foundation/Application.php(342): Illuminate\\Foundation\\Bootstrap\\LoadConfiguration->bootstrap(Object(Illuminate\\Foundation\\Application))
#5 /var/www/backend/vendor/laravel/framework/src/Illuminate/Foundation/Console/Kernel.php(474): Illuminate\\Foundation\\Application->bootstrapWith(Array)
#6 /var/www/backend/vendor/laravel/framework/src/Illuminate/Foundation/Console/Kernel.php(196): Illuminate\\Foundation\\Console\\Kernel->bootstrap()
#7 /var/www/backend/vendor/laravel/framework/src/Illuminate/Foundation/Application.php(1235): Illuminate\\Foundation\\Console\\Kernel->handle(Object(Symfony\\Component\\Console\\Input\\ArgvInput), Object(Symfony\\Component\\Console\\Output\\ConsoleOutput))
#8 /var/www/backend/artisan(10): Illuminate\\Foundation\\Application->handleCommand(Object(Symfony\\Component\\Console\\Input\\ArgvInput))
#9 {main}
"} 
[2026-10-10 07:48:06] production.ERROR: Call to undefined method Illuminate\Foundation\ProviderRepository::defaultProviders() {"exception":"[object] (Error(code: 0): Call to undefined method Illuminate\\Foundation\\ProviderRepository::defaultProviders() at /var/www/backend/config/app.php:17)
[stacktrace]
#0 /var/www/backend/vendor/laravel/framework/src/Illuminate/Foundation/Bootstrap/LoadConfiguration.php(97): require()
#1 /var/www/backend/vendor/laravel/framework/src/Illuminate/Foundation/Bootstrap/LoadConfiguration.php(97): Illuminate\\Foundation\\Bootstrap\\LoadConfiguration->Illuminate\\Foundation\\Bootstrap\\{closure}()
#2 /var/www/backend/vendor/laravel/framework/src/Illuminate/Foundation/Bootstrap/LoadConfiguration.php(78): Illuminate\\Foundation\\Bootstrap\\LoadConfiguration->loadConfigurationFile(Object(Illuminate\\Config\\Repository), 'app', '/var/www/backen...', Array)
#3 /var/www/backend/vendor/laravel/framework/src/Illuminate/Foundation/Bootstrap/LoadConfiguration.php(39): Illuminate\\Foundation\\Bootstrap\\LoadConfiguration->loadConfigurationFiles(Object(Illuminate\\Foundation\\Application), Object(Illuminate\\Config\\Repository))
#4 /var/www/backend/vendor/laravel/framework/src/Illuminate/Foundation/Application.php(342): Illuminate\\Foundation\\Bootstrap\\LoadConfiguration->bootstrap(Object(Illuminate\\Foundation\\Application))
#5 /var/www/backend/vendor/laravel/framework/src/Illuminate/Foundation/Console/Kernel.php(474): Illuminate\\Foundation\\Application->bootstrapWith(Array)
#6 /var/www/backend/vendor/laravel/framework/src/Illuminate/Foundation/Console/Kernel.php(196): Illuminate\\Foundation\\Console\\Kernel->bootstrap()
#7 /var/www/backend/vendor/laravel/framework/src/Illuminate/Foundation/Application.php(1235): Illuminate\\Foundation\\Console\\Kernel->handle(Object(Symfony\\Component\\Console\\Input\\ArgvInput), Object(Symfony\\Component\\Console\\Output\\ConsoleOutput))
#8 /var/www/backend/artisan(10): Illuminate\\Foundation\\Application->handleCommand(Object(Symfony\\Component\\Console\\Input\\ArgvInput))
#9 {main}
"} 
[2026-10-10 07:48:14] production.ERROR: Call to undefined method Illuminate\Foundation\ProviderRepository::defaultProviders() {"exception":"[object] (Error(code: 0): Call to undefined method Illuminate\\Foundation\\ProviderRepository::defaultProviders() at /var/www/backend/config/app.php:17)
[stacktrace]
#0 /var/www/backend/vendor/laravel/framework/src/Illuminate/Foundation/Bootstrap/LoadConfiguration.php(97): require()
#1 /var/www/backend/vendor/laravel/framework/src/Illuminate/Foundation/Bootstrap/LoadConfiguration.php(97): Illuminate\\Foundation\\Bootstrap\\LoadConfiguration->Illuminate\\Foundation\\Bootstrap\\{closure}()
#2 /var/www/backend/vendor/laravel/framework/src/Illuminate/Foundation/Bootstrap/LoadConfiguration.php(78): Illuminate\\Foundation\\Bootstrap\\LoadConfiguration->loadConfigurationFile(Object(Illuminate\\Config\\Repository), 'app', '/var/www/backen...', Array)
#3 /var/www/backend/vendor/laravel/framework/src/Illuminate/Foundation/Bootstrap/LoadConfiguration.php(39): Illuminate\\Foundation\\Bootstrap\\LoadConfiguration->loadConfigurationFiles(Object(Illuminate\\Foundation\\Application), Object(Illuminate\\Config\\Repository))
#4 /var/www/backend/vendor/laravel/framework/src/Illuminate/Foundation/Application.php(342): Illuminate\\Foundation\\Bootstrap\\LoadConfiguration->bootstrap(Object(Illuminate\\Foundation\\Application))
#5 /var/www/backend/vendor/laravel/framework/src/Illuminate/Foundation/Console/Kernel.php(474): Illuminate\\Foundation\\Application->bootstrapWith(Array)
#6 /var/www/backend/vendor/laravel/framework/src/Illuminate/Foundation/Console/Kernel.php(196): Illuminate\\Foundation\\Console\\Kernel->bootstrap()
#7 /var/www/backend/vendor/laravel/framework/src/Illuminate/Foundation/Application.php(1235): Illuminate\\Foundation\\Console\\Kernel->handle(Object(Symfony\\Component\\Console\\Input\\ArgvInput), Object(Symfony\\Component\\Console\\Output\\ConsoleOutput))
#8 /var/www/backend/artisan(10): Illuminate\\Foundation\\Application->handleCommand(Object(Symfony\\Component\\Console\\Input\\ArgvInput))
#9 {main}
"} 
[2026-10-10 07:48:29] production.ERROR: Call to undefined method Illuminate\Foundation\ProviderRepository::defaultProviders() {"exception":"[object] (Error(code: 0): Call to undefined method Illuminate\\Foundation\\ProviderRepository::defaultProviders() at /var/www/backend/config/app.php:17)
[stacktrace]
#0 /var/www/backend/vendor/laravel/framework/src/Illuminate/Foundation/Bootstrap/LoadConfiguration.php(97): require()
#1 /var/www/backend/vendor/laravel/framework/src/Illuminate/Foundation/Bootstrap/LoadConfiguration.php(97): Illuminate\\Foundation\\Bootstrap\\LoadConfiguration->Illuminate\\Foundation\\Bootstrap\\{closure}()
#2 /var/www/backend/vendor/laravel/framework/src/Illuminate/Foundation/Bootstrap/LoadConfiguration.php(78): Illuminate\\Foundation\\Bootstrap\\LoadConfiguration->loadConfigurationFile(Object(Illuminate\\Config\\Repository), 'app', '/var/www/backen...', Array)
#3 /var/www/backend/vendor/laravel/framework/src/Illuminate/Foundation/Bootstrap/LoadConfiguration.php(39): Illuminate\\Foundation\\Bootstrap\\LoadConfiguration->loadConfigurationFiles(Object(Illuminate\\Foundation\\Application), Object(Illuminate\\Config\\Repository))
#4 /var/www/backend/vendor/laravel/framework/src/Illuminate/Foundation/Application.php(342): Illuminate\\Foundation\\Bootstrap\\LoadConfiguration->bootstrap(Object(Illuminate\\Foundation\\Application))
#5 /var/www/backend/vendor/laravel/framework/src/Illuminate/Foundation/Console/Kernel.php(474): Illuminate\\Foundation\\Application->bootstrapWith(Array)
#6 /var/www/backend/vendor/laravel/framework/src/Illuminate/Foundation/Console/Kernel.php(196): Illuminate\\Foundation\\Console\\Kernel->bootstrap()
#7 /var/www/backend/vendor/laravel/framework/src/Illuminate/Foundation/Application.php(1235): Illuminate\\Foundation\\Console\\Kernel->handle(Object(Symfony\\Component\\Console\\Input\\ArgvInput), Object(Symfony\\Component\\Console\\Output\\ConsoleOutput))
#8 /var/www/backend/artisan(10): Illuminate\\Foundation\\Application->handleCommand(Object(Symfony\\Component\\Console\\Input\\ArgvInput))
#9 {main}
"} 
[2026-10-10 07:48:56] production.ERROR: Method Illuminate\Foundation\Application::defaultProviders does not exist. {"exception":"[object] (BadMethodCallException(code: 0): Method Illuminate\\Foundation\\Application::defaultProviders does not exist. at /var/www/backend/vendor/laravel/framework/src/Illuminate/Macroable/Traits/Macroable.php:89)
[stacktrace]
#0 /var/www/backend/config/app.php(17): Illuminate\\Foundation\\Application::__callStatic('defaultProvider...', Array)
#1 /var/www/backend/vendor/laravel/framework/src/Illuminate/Foundation/Bootstrap/LoadConfiguration.php(97): require('/var/www/backen...')
#2 /var/www/backend/vendor/laravel/framework/src/Illuminate/Foundation/Bootstrap/LoadConfiguration.php(97): Illuminate\\Foundation\\Bootstrap\\LoadConfiguration->Illuminate\\Foundation\\Bootstrap\\{closure}()
#3 /var/www/backend/vendor/laravel/framework/src/Illuminate/Foundation/Bootstrap/LoadConfiguration.php(78): Illuminate\\Foundation\\Bootstrap\\LoadConfiguration->loadConfigurationFile(Object(Illuminate\\Config\\Repository), 'app', '/var/www/backen...', Array)
#4 /var/www/backend/vendor/laravel/framework/src/Illuminate/Foundation/Bootstrap/LoadConfiguration.php(39): Illuminate\\Foundation\\Bootstrap\\LoadConfiguration->loadConfigurationFiles(Object(Illuminate\\Foundation\\Application), Object(Illuminate\\Config\\Repository))
#5 /var/www/backend/vendor/laravel/framework/src/Illuminate/Foundation/Application.php(342): Illuminate\\Foundation\\Bootstrap\\LoadConfiguration->bootstrap(Object(Illuminate\\Foundation\\Application))
#6 /var/www/backend/vendor/laravel/framework/src/Illuminate/Foundation/Console/Kernel.php(474): Illuminate\\Foundation\\Application->bootstrapWith(Array)
#7 /var/www/backend/vendor/laravel/framework/src/Illuminate/Foundation/Console/Kernel.php(196): Illuminate\\Foundation\\Console\\Kernel->bootstrap()
#8 /var/www/backend/vendor/laravel/framework/src/Illuminate/Foundation/Application.php(1235): Illuminate\\Foundation\\Console\\Kernel->handle(Object(Symfony\\Component\\Console\\Input\\ArgvInput), Object(Symfony\\Component\\Console\\Output\\ConsoleOutput))
#9 /var/www/backend/artisan(10): Illuminate\\Foundation\\Application->handleCommand(Object(Symfony\\Component\\Console\\Input\\ArgvInput))
#10 {main}
"} 
[2026-10-10 07:49:02] production.ERROR: Method Illuminate\Foundation\Application::defaultProviders does not exist. {"exception":"[object] (BadMethodCallException(code: 0): Method Illuminate\\Foundation\\Application::defaultProviders does not exist. at /var/www/backend/vendor/laravel/framework/src/Illuminate/Macroable/Traits/Macroable.php:89)
[stacktrace]
#0 /var/www/backend/config/app.php(17): Illuminate\\Foundation\\Application::__callStatic('defaultProvider...', Array)
#1 /var/www/backend/vendor/laravel/framework/src/Illuminate/Foundation/Bootstrap/LoadConfiguration.php(97): require('/var/www/backen...')
#2 /var/www/backend/vendor/laravel/framework/src/Illuminate/Foundation/Bootstrap/LoadConfiguration.php(97): Illuminate\\Foundation\\Bootstrap\\LoadConfiguration->Illuminate\\Foundation\\Bootstrap\\{closure}()
#3 /var/www/backend/vendor/laravel/framework/src/Illuminate/Foundation/Bootstrap/LoadConfiguration.php(78): Illuminate\\Foundation\\Bootstrap\\LoadConfiguration->loadConfigurationFile(Object(Illuminate\\Config\\Repository), 'app', '/var/www/backen...', Array)
#4 /var/www/backend/vendor/laravel/framework/src/Illuminate/Foundation/Bootstrap/LoadConfiguration.php(39): Illuminate\\Foundation\\Bootstrap\\LoadConfiguration->loadConfigurationFiles(Object(Illuminate\\Foundation\\Application), Object(Illuminate\\Config\\Repository))
#5 /var/www/backend/vendor/laravel/framework/src/Illuminate/Foundation/Application.php(342): Illuminate\\Foundation\\Bootstrap\\LoadConfiguration->bootstrap(Object(Illuminate\\Foundation\\Application))
#6 /var/www/backend/vendor/laravel/framework/src/Illuminate/Foundation/Console/Kernel.php(474): Illuminate\\Foundation\\Application->bootstrapWith(Array)
#7 /var/www/backend/vendor/laravel/framework/src/Illuminate/Foundation/Console/Kernel.php(196): Illuminate\\Foundation\\Console\\Kernel->bootstrap()
#8 /var/www/backend/vendor/laravel/framework/src/Illuminate/Foundation/Application.php(1235): Illuminate\\Foundation\\Console\\Kernel->handle(Object(Symfony\\Component\\Console\\Input\\ArgvInput), Object(Symfony\\Component\\Console\\Output\\ConsoleOutput))
#9 /var/www/backend/artisan(10): Illuminate\\Foundation\\Application->handleCommand(Object(Symfony\\Component\\Console\\Input\\ArgvInput))
#10 {main}
"} 
[2026-10-10 07:49:03] production.ERROR: Method Illuminate\Foundation\Application::defaultProviders does not exist. {"exception":"[object] (BadMethodCallException(code: 0): Method Illuminate\\Foundation\\Application::defaultProviders does not exist. at /var/www/backend/vendor/laravel/framework/src/Illuminate/Macroable/Traits/Macroable.php:89)
[stacktrace]
#0 /var/www/backend/config/app.php(17): Illuminate\\Foundation\\Application::__callStatic('defaultProvider...', Array)
#1 /var/www/backend/vendor/laravel/framework/src/Illuminate/Foundation/Bootstrap/LoadConfiguration.php(97): require('/var/www/backen...')
#2 /var/www/backend/vendor/laravel/framework/src/Illuminate/Foundation/Bootstrap/LoadConfiguration.php(97): Illuminate\\Foundation\\Bootstrap\\LoadConfiguration->Illuminate\\Foundation\\Bootstrap\\{closure}()
#3 /var/www/backend/vendor/laravel/framework/src/Illuminate/Foundation/Bootstrap/LoadConfiguration.php(78): Illuminate\\Foundation\\Bootstrap\\LoadConfiguration->loadConfigurationFile(Object(Illuminate\\Config\\Repository), 'app', '/var/www/backen...', Array)
#4 /var/www/backend/vendor/laravel/framework/src/Illuminate/Foundation/Bootstrap/LoadConfiguration.php(39): Illuminate\\Foundation\\Bootstrap\\LoadConfiguration->loadConfigurationFiles(Object(Illuminate\\Foundation\\Application), Object(Illuminate\\Config\\Repository))
#5 /var/www/backend/vendor/laravel/framework/src/Illuminate/Foundation/Application.php(342): Illuminate\\Foundation\\Bootstrap\\LoadConfiguration->bootstrap(Object(Illuminate\\Foundation\\Application))
#6 /var/www/backend/vendor/laravel/framework/src/Illuminate/Foundation/Console/Kernel.php(474): Illuminate\\Foundation\\Application->bootstrapWith(Array)
#7 /var/www/backend/vendor/laravel/framework/src/Illuminate/Foundation/Console/Kernel.php(196): Illuminate\\Foundation\\Console\\Kernel->bootstrap()
#8 /var/www/backend/vendor/laravel/framework/src/Illuminate/Foundation/Application.php(1235): Illuminate\\Foundation\\Console\\Kernel->handle(Object(Symfony\\Component\\Console\\Input\\ArgvInput), Object(Symfony\\Component\\Console\\Output\\ConsoleOutput))
#9 /var/www/backend/artisan(10): Illuminate\\Foundation\\Application->handleCommand(Object(Symfony\\Component\\Console\\Input\\ArgvInput))
#10 {main}
"} 
[2026-10-10 07:49:05] production.ERROR: Method Illuminate\Foundation\Application::defaultProviders does not exist. {"exception":"[object] (BadMethodCallException(code: 0): Method Illuminate\\Foundation\\Application::defaultProviders does not exist. at /var/www/backend/vendor/laravel/framework/src/Illuminate/Macroable/Traits/Macroable.php:89)
[stacktrace]
#0 /var/www/backend/config/app.php(17): Illuminate\\Foundation\\Application::__callStatic('defaultProvider...', Array)
#1 /var/www/backend/vendor/laravel/framework/src/Illuminate/Foundation/Bootstrap/LoadConfiguration.php(97): require('/var/www/backen...')
#2 /var/www/backend/vendor/laravel/framework/src/Illuminate/Foundation/Bootstrap/LoadConfiguration.php(97): Illuminate\\Foundation\\Bootstrap\\LoadConfiguration->Illuminate\\Foundation\\Bootstrap\\{closure}()
#3 /var/www/backend/vendor/laravel/framework/src/Illuminate/Foundation/Bootstrap/LoadConfiguration.php(78): Illuminate\\Foundation\\Bootstrap\\LoadConfiguration->loadConfigurationFile(Object(Illuminate\\Config\\Repository), 'app', '/var/www/backen...', Array)
#4 /var/www/backend/vendor/laravel/framework/src/Illuminate/Foundation/Bootstrap/LoadConfiguration.php(39): Illuminate\\Foundation\\Bootstrap\\LoadConfiguration->loadConfigurationFiles(Object(Illuminate\\Foundation\\Application), Object(Illuminate\\Config\\Repository))
#5 /var/www/backend/vendor/laravel/framework/src/Illuminate/Foundation/Application.php(342): Illuminate\\Foundation\\Bootstrap\\LoadConfiguration->bootstrap(Object(Illuminate\\Foundation\\Application))
#6 /var/www/backend/vendor/laravel/framework/src/Illuminate/Foundation/Console/Kernel.php(474): Illuminate\\Foundation\\Application->bootstrapWith(Array)
#7 /var/www/backend/vendor/laravel/framework/src/Illuminate/Foundation/Console/Kernel.php(196): Illuminate\\Foundation\\Console\\Kernel->bootstrap()
#8 /var/www/backend/vendor/laravel/framework/src/Illuminate/Foundation/Application.php(1235): Illuminate\\Foundation\\Console\\Kernel->handle(Object(Symfony\\Component\\Console\\Input\\ArgvInput), Object(Symfony\\Component\\Console\\Output\\ConsoleOutput))
#9 /var/www/backend/artisan(10): Illuminate\\Foundation\\Application->handleCommand(Object(Symfony\\Component\\Console\\Input\\ArgvInput))
#10 {main}
"} 
[2026-10-10 07:49:07] production.ERROR: Method Illuminate\Foundation\Application::defaultProviders does not exist. {"exception":"[object] (BadMethodCallException(code: 0): Method Illuminate\\Foundation\\Application::defaultProviders does not exist. at /var/www/backend/vendor/laravel/framework/src/Illuminate/Macroable/Traits/Macroable.php:89)
[stacktrace]
#0 /var/www/backend/config/app.php(17): Illuminate\\Foundation\\Application::__callStatic('defaultProvider...', Array)
#1 /var/www/backend/vendor/laravel/framework/src/Illuminate/Foundation/Bootstrap/LoadConfiguration.php(97): require('/var/www/backen...')
#2 /var/www/backend/vendor/laravel/framework/src/Illuminate/Foundation/Bootstrap/LoadConfiguration.php(97): Illuminate\\Foundation\\Bootstrap\\LoadConfiguration->Illuminate\\Foundation\\Bootstrap\\{closure}()
#3 /var/www/backend/vendor/laravel/framework/src/Illuminate/Foundation/Bootstrap/LoadConfiguration.php(78): Illuminate\\Foundation\\Bootstrap\\LoadConfiguration->loadConfigurationFile(Object(Illuminate\\Config\\Repository), 'app', '/var/www/backen...', Array)
#4 /var/www/backend/vendor/laravel/framework/src/Illuminate/Foundation/Bootstrap/LoadConfiguration.php(39): Illuminate\\Foundation\\Bootstrap\\LoadConfiguration->loadConfigurationFiles(Object(Illuminate\\Foundation\\Application), Object(Illuminate\\Config\\Repository))
#5 /var/www/backend/vendor/laravel/framework/src/Illuminate/Foundation/Application.php(342): Illuminate\\Foundation\\Bootstrap\\LoadConfiguration->bootstrap(Object(Illuminate\\Foundation\\Application))
#6 /var/www/backend/vendor/laravel/framework/src/Illuminate/Foundation/Console/Kernel.php(474): Illuminate\\Foundation\\Application->bootstrapWith(Array)
#7 /var/www/backend/vendor/laravel/framework/src/Illuminate/Foundation/Console/Kernel.php(196): Illuminate\\Foundation\\Console\\Kernel->bootstrap()
#8 /var/www/backend/vendor/laravel/framework/src/Illuminate/Foundation/Application.php(1235): Illuminate\\Foundation\\Console\\Kernel->handle(Object(Symfony\\Component\\Console\\Input\\ArgvInput), Object(Symfony\\Component\\Console\\Output\\ConsoleOutput))
#9 /var/www/backend/artisan(10): Illuminate\\Foundation\\Application->handleCommand(Object(Symfony\\Component\\Console\\Input\\ArgvInput))
#10 {main}
"} 
[2026-10-10 07:49:10] production.ERROR: Method Illuminate\Foundation\Application::defaultProviders does not exist. {"exception":"[object] (BadMethodCallException(code: 0): Method Illuminate\\Foundation\\Application::defaultProviders does not exist. at /var/www/backend/vendor/laravel/framework/src/Illuminate/Macroable/Traits/Macroable.php:89)
[stacktrace]
#0 /var/www/backend/config/app.php(17): Illuminate\\Foundation\\Application::__callStatic('defaultProvider...', Array)
#1 /var/www/backend/vendor/laravel/framework/src/Illuminate/Foundation/Bootstrap/LoadConfiguration.php(97): require('/var/www/backen...')
#2 /var/www/backend/vendor/laravel/framework/src/Illuminate/Foundation/Bootstrap/LoadConfiguration.php(97): Illuminate\\Foundation\\Bootstrap\\LoadConfiguration->Illuminate\\Foundation\\Bootstrap\\{closure}()
#3 /var/www/backend/vendor/laravel/framework/src/Illuminate/Foundation/Bootstrap/LoadConfiguration.php(78): Illuminate\\Foundation\\Bootstrap\\LoadConfiguration->loadConfigurationFile(Object(Illuminate\\Config\\Repository), 'app', '/var/www/backen...', Array)
#4 /var/www/backend/vendor/laravel/framework/src/Illuminate/Foundation/Bootstrap/LoadConfiguration.php(39): Illuminate\\Foundation\\Bootstrap\\LoadConfiguration->loadConfigurationFiles(Object(Illuminate\\Foundation\\Application), Object(Illuminate\\Config\\Repository))
#5 /var/www/backend/vendor/laravel/framework/src/Illuminate/Foundation/Application.php(342): Illuminate\\Foundation\\Bootstrap\\LoadConfiguration->bootstrap(Object(Illuminate\\Foundation\\Application))
#6 /var/www/backend/vendor/laravel/framework/src/Illuminate/Foundation/Console/Kernel.php(474): Illuminate\\Foundation\\Application->bootstrapWith(Array)
#7 /var/www/backend/vendor/laravel/framework/src/Illuminate/Foundation/Console/Kernel.php(196): Illuminate\\Foundation\\Console\\Kernel->bootstrap()
#8 /var/www/backend/vendor/laravel/framework/src/Illuminate/Foundation/Application.php(1235): Illuminate\\Foundation\\Console\\Kernel->handle(Object(Symfony\\Component\\Console\\Input\\ArgvInput), Object(Symfony\\Component\\Console\\Output\\ConsoleOutput))
#9 /var/www/backend/artisan(10): Illuminate\\Foundation\\Application->handleCommand(Object(Symfony\\Component\\Console\\Input\\ArgvInput))
#10 {main}
"} 
[2026-10-10 07:49:13] production.ERROR: Method Illuminate\Foundation\Application::defaultProviders does not exist. {"exception":"[object] (BadMethodCallException(code: 0): Method Illuminate\\Foundation\\Application::defaultProviders does not exist. at /var/www/backend/vendor/laravel/framework/src/Illuminate/Macroable/Traits/Macroable.php:89)
[stacktrace]
#0 /var/www/backend/config/app.php(17): Illuminate\\Foundation\\Application::__callStatic('defaultProvider...', Array)
#1 /var/www/backend/vendor/laravel/framework/src/Illuminate/Foundation/Bootstrap/LoadConfiguration.php(97): require('/var/www/backen...')
#2 /var/www/backend/vendor/laravel/framework/src/Illuminate/Foundation/Bootstrap/LoadConfiguration.php(97): Illuminate\\Foundation\\Bootstrap\\LoadConfiguration->Illuminate\\Foundation\\Bootstrap\\{closure}()
#3 /var/www/backend/vendor/laravel/framework/src/Illuminate/Foundation/Bootstrap/LoadConfiguration.php(78): Illuminate\\Foundation\\Bootstrap\\LoadConfiguration->loadConfigurationFile(Object(Illuminate\\Config\\Repository), 'app', '/var/www/backen...', Array)
#4 /var/www/backend/vendor/laravel/framework/src/Illuminate/Foundation/Bootstrap/LoadConfiguration.php(39): Illuminate\\Foundation\\Bootstrap\\LoadConfiguration->loadConfigurationFiles(Object(Illuminate\\Foundation\\Application), Object(Illuminate\\Config\\Repository))
#5 /var/www/backend/vendor/laravel/framework/src/Illuminate/Foundation/Application.php(342): Illuminate\\Foundation\\Bootstrap\\LoadConfiguration->bootstrap(Object(Illuminate\\Foundation\\Application))
#6 /var/www/backend/vendor/laravel/framework/src/Illuminate/Foundation/Console/Kernel.php(474): Illuminate\\Foundation\\Application->bootstrapWith(Array)
#7 /var/www/backend/vendor/laravel/framework/src/Illuminate/Foundation/Console/Kernel.php(196): Illuminate\\Foundation\\Console\\Kernel->bootstrap()
#8 /var/www/backend/vendor/laravel/framework/src/Illuminate/Foundation/Application.php(1235): Illuminate\\Foundation\\Console\\Kernel->handle(Object(Symfony\\Component\\Console\\Input\\ArgvInput), Object(Symfony\\Component\\Console\\Output\\ConsoleOutput))
#9 /var/www/backend/artisan(10): Illuminate\\Foundation\\Application->handleCommand(Object(Symfony\\Component\\Console\\Input\\ArgvInput))
#10 {main}
"} 
[2026-10-10 07:49:18] production.ERROR: Method Illuminate\Foundation\Application::defaultProviders does not exist. {"exception":"[object] (BadMethodCallException(code: 0): Method Illuminate\\Foundation\\Application::defaultProviders does not exist. at /var/www/backend/vendor/laravel/framework/src/Illuminate/Macroable/Traits/Macroable.php:89)
[stacktrace]
#0 /var/www/backend/config/app.php(17): Illuminate\\Foundation\\Application::__callStatic('defaultProvider...', Array)
#1 /var/www/backend/vendor/laravel/framework/src/Illuminate/Foundation/Bootstrap/LoadConfiguration.php(97): require('/var/www/backen...')
#2 /var/www/backend/vendor/laravel/framework/src/Illuminate/Foundation/Bootstrap/LoadConfiguration.php(97): Illuminate\\Foundation\\Bootstrap\\LoadConfiguration->Illuminate\\Foundation\\Bootstrap\\{closure}()
#3 /var/www/backend/vendor/laravel/framework/src/Illuminate/Foundation/Bootstrap/LoadConfiguration.php(78): Illuminate\\Foundation\\Bootstrap\\LoadConfiguration->loadConfigurationFile(Object(Illuminate\\Config\\Repository), 'app', '/var/www/backen...', Array)
#4 /var/www/backend/vendor/laravel/framework/src/Illuminate/Foundation/Bootstrap/LoadConfiguration.php(39): Illuminate\\Foundation\\Bootstrap\\LoadConfiguration->loadConfigurationFiles(Object(Illuminate\\Foundation\\Application), Object(Illuminate\\Config\\Repository))
#5 /var/www/backend/vendor/laravel/framework/src/Illuminate/Foundation/Application.php(342): Illuminate\\Foundation\\Bootstrap\\LoadConfiguration->bootstrap(Object(Illuminate\\Foundation\\Application))
#6 /var/www/backend/vendor/laravel/framework/src/Illuminate/Foundation/Console/Kernel.php(474): Illuminate\\Foundation\\Application->bootstrapWith(Array)
#7 /var/www/backend/vendor/laravel/framework/src/Illuminate/Foundation/Console/Kernel.php(196): Illuminate\\Foundation\\Console\\Kernel->bootstrap()
#8 /var/www/backend/vendor/laravel/framework/src/Illuminate/Foundation/Application.php(1235): Illuminate\\Foundation\\Console\\Kernel->handle(Object(Symfony\\Component\\Console\\Input\\ArgvInput), Object(Symfony\\Component\\Console\\Output\\ConsoleOutput))
#9 /var/www/backend/artisan(10): Illuminate\\Foundation\\Application->handleCommand(Object(Symfony\\Component\\Console\\Input\\ArgvInput))
#10 {main}
"} 
[2026-10-10 07:49:26] production.ERROR: Method Illuminate\Foundation\Application::defaultProviders does not exist. {"exception":"[object] (BadMethodCallException(code: 0): Method Illuminate\\Foundation\\Application::defaultProviders does not exist. at /var/www/backend/vendor/laravel/framework/src/Illuminate/Macroable/Traits/Macroable.php:89)
[stacktrace]
#0 /var/www/backend/config/app.php(17): Illuminate\\Foundation\\Application::__callStatic('defaultProvider...', Array)
#1 /var/www/backend/vendor/laravel/framework/src/Illuminate/Foundation/Bootstrap/LoadConfiguration.php(97): require('/var/www/backen...')
#2 /var/www/backend/vendor/laravel/framework/src/Illuminate/Foundation/Bootstrap/LoadConfiguration.php(97): Illuminate\\Foundation\\Bootstrap\\LoadConfiguration->Illuminate\\Foundation\\Bootstrap\\{closure}()
#3 /var/www/backend/vendor/laravel/framework/src/Illuminate/Foundation/Bootstrap/LoadConfiguration.php(78): Illuminate\\Foundation\\Bootstrap\\LoadConfiguration->loadConfigurationFile(Object(Illuminate\\Config\\Repository), 'app', '/var/www/backen...', Array)
#4 /var/www/backend/vendor/laravel/framework/src/Illuminate/Foundation/Bootstrap/LoadConfiguration.php(39): Illuminate\\Foundation\\Bootstrap\\LoadConfiguration->loadConfigurationFiles(Object(Illuminate\\Foundation\\Application), Object(Illuminate\\Config\\Repository))
#5 /var/www/backend/vendor/laravel/framework/src/Illuminate/Foundation/Application.php(342): Illuminate\\Foundation\\Bootstrap\\LoadConfiguration->bootstrap(Object(Illuminate\\Foundation\\Application))
#6 /var/www/backend/vendor/laravel/framework/src/Illuminate/Foundation/Console/Kernel.php(474): Illuminate\\Foundation\\Application->bootstrapWith(Array)
#7 /var/www/backend/vendor/laravel/framework/src/Illuminate/Foundation/Console/Kernel.php(196): Illuminate\\Foundation\\Console\\Kernel->bootstrap()
#8 /var/www/backend/vendor/laravel/framework/src/Illuminate/Foundation/Application.php(1235): Illuminate\\Foundation\\Console\\Kernel->handle(Object(Symfony\\Component\\Console\\Input\\ArgvInput), Object(Symfony\\Component\\Console\\Output\\ConsoleOutput))
#9 /var/www/backend/artisan(10): Illuminate\\Foundation\\Application->handleCommand(Object(Symfony\\Component\\Console\\Input\\ArgvInput))
#10 {main}
"} 
[2026-10-10 11:19:40] local.ERROR: The /var/www/backend/bootstrap/cache directory must be present and writable. {"exception":"[object] (Exception(code: 0): The /var/www/backend/bootstrap/cache directory must be present and writable. at /var/www/backend/vendor/laravel/framework/src/Illuminate/Foundation/PackageManifest.php:179)
[stacktrace]
#0 /var/www/backend/vendor/laravel/framework/src/Illuminate/Foundation/PackageManifest.php(132): Illuminate\\Foundation\\PackageManifest->write(Array)
#1 /var/www/backend/vendor/laravel/framework/src/Illuminate/Foundation/PackageManifest.php(108): Illuminate\\Foundation\\PackageManifest->build()
#2 /var/www/backend/vendor/laravel/framework/src/Illuminate/Foundation/PackageManifest.php(91): Illuminate\\Foundation\\PackageManifest->getManifest()
#3 /var/www/backend/vendor/laravel/framework/src/Illuminate/Foundation/PackageManifest.php(80): Illuminate\\Foundation\\PackageManifest->config('aliases')
#4 /var/www/backend/vendor/laravel/framework/src/Illuminate/Foundation/Bootstrap/RegisterFacades.php(26): Illuminate\\Foundation\\PackageManifest->aliases()
#5 /var/www/backend/vendor/laravel/framework/src/Illuminate/Foundation/Application.php(342): Illuminate\\Foundation\\Bootstrap\\RegisterFacades->bootstrap(Object(Illuminate\\Foundation\\Application))
#6 /var/www/backend/vendor/laravel/framework/src/Illuminate/Foundation/Console/Kernel.php(474): Illuminate\\Foundation\\Application->bootstrapWith(Array)
#7 /var/www/backend/vendor/laravel/framework/src/Illuminate/Foundation/Console/Kernel.php(196): Illuminate\\Foundation\\Console\\Kernel->bootstrap()
#8 /var/www/backend/vendor/laravel/framework/src/Illuminate/Foundation/Application.php(1235): Illuminate\\Foundation\\Console\\Kernel->handle(Object(Symfony\\Component\\Console\\Input\\ArgvInput), Object(Symfony\\Component\\Console\\Output\\ConsoleOutput))
#9 /var/www/backend/artisan(10): Illuminate\\Foundation\\Application->handleCommand(Object(Symfony\\Component\\Console\\Input\\ArgvInput))
#10 {main}
"} 
[2026-10-10 11:19:47] local.ERROR: The /var/www/backend/bootstrap/cache directory must be present and writable. {"exception":"[object] (Exception(code: 0): The /var/www/backend/bootstrap/cache directory must be present and writable. at /var/www/backend/vendor/laravel/framework/src/Illuminate/Foundation/PackageManifest.php:179)
[stacktrace]
#0 /var/www/backend/vendor/laravel/framework/src/Illuminate/Foundation/PackageManifest.php(132): Illuminate\\Foundation\\PackageManifest->write(Array)
#1 /var/www/backend/vendor/laravel/framework/src/Illuminate/Foundation/PackageManifest.php(108): Illuminate\\Foundation\\PackageManifest->build()
#2 /var/www/backend/vendor/laravel/framework/src/Illuminate/Foundation/PackageManifest.php(91): Illuminate\\Foundation\\PackageManifest->getManifest()
#3 /var/www/backend/vendor/laravel/framework/src/Illuminate/Foundation/PackageManifest.php(80): Illuminate\\Foundation\\PackageManifest->config('aliases')
#4 /var/www/backend/vendor/laravel/framework/src/Illuminate/Foundation/Bootstrap/RegisterFacades.php(26): Illuminate\\Foundation\\PackageManifest->aliases()
#5 /var/www/backend/vendor/laravel/framework/src/Illuminate/Foundation/Application.php(342): Illuminate\\Foundation\\Bootstrap\\RegisterFacades->bootstrap(Object(Illuminate\\Foundation\\Application))
#6 /var/www/backend/vendor/laravel/framework/src/Illuminate/Foundation/Console/Kernel.php(474): Illuminate\\Foundation\\Application->bootstrapWith(Array)
#7 /var/www/backend/vendor/laravel/framework/src/Illuminate/Foundation/Console/Kernel.php(196): Illuminate\\Foundation\\Console\\Kernel->bootstrap()
#8 /var/www/backend/vendor/laravel/framework/src/Illuminate/Foundation/Application.php(1235): Illuminate\\Foundation\\Console\\Kernel->handle(Object(Symfony\\Component\\Console\\Input\\ArgvInput), Object(Symfony\\Component\\Console\\Output\\ConsoleOutput))
#9 /var/www/backend/artisan(10): Illuminate\\Foundation\\Application->handleCommand(Object(Symfony\\Component\\Console\\Input\\ArgvInput))
#10 {main}
"} 
[2026-10-10 11:19:48] local.ERROR: The /var/www/backend/bootstrap/cache directory must be present and writable. {"exception":"[object] (Exception(code: 0): The /var/www/backend/bootstrap/cache directory must be present and writable. at /var/www/backend/vendor/laravel/framework/src/Illuminate/Foundation/PackageManifest.php:179)
[stacktrace]
#0 /var/www/backend/vendor/laravel/framework/src/Illuminate/Foundation/PackageManifest.php(132): Illuminate\\Foundation\\PackageManifest->write(Array)
#1 /var/www/backend/vendor/laravel/framework/src/Illuminate/Foundation/PackageManifest.php(108): Illuminate\\Foundation\\PackageManifest->build()
#2 /var/www/backend/vendor/laravel/framework/src/Illuminate/Foundation/PackageManifest.php(91): Illuminate\\Foundation\\PackageManifest->getManifest()
#3 /var/www/backend/vendor/laravel/framework/src/Illuminate/Foundation/PackageManifest.php(80): Illuminate\\Foundation\\PackageManifest->config('aliases')
#4 /var/www/backend/vendor/laravel/framework/src/Illuminate/Foundation/Bootstrap/RegisterFacades.php(26): Illuminate\\Foundation\\PackageManifest->aliases()
#5 /var/www/backend/vendor/laravel/framework/src/Illuminate/Foundation/Application.php(342): Illuminate\\Foundation\\Bootstrap\\RegisterFacades->bootstrap(Object(Illuminate\\Foundation\\Application))
#6 /var/www/backend/vendor/laravel/framework/src/Illuminate/Foundation/Console/Kernel.php(474): Illuminate\\Foundation\\Application->bootstrapWith(Array)
#7 /var/www/backend/vendor/laravel/framework/src/Illuminate/Foundation/Console/Kernel.php(196): Illuminate\\Foundation\\Console\\Kernel->bootstrap()
#8 /var/www/backend/vendor/laravel/framework/src/Illuminate/Foundation/Application.php(1235): Illuminate\\Foundation\\Console\\Kernel->handle(Object(Symfony\\Component\\Console\\Input\\ArgvInput), Object(Symfony\\Component\\Console\\Output\\ConsoleOutput))
#9 /var/www/backend/artisan(10): Illuminate\\Foundation\\Application->handleCommand(Object(Symfony\\Component\\Console\\Input\\ArgvInput))
#10 {main}
"} 
[2026-10-10 11:19:50] local.ERROR: The /var/www/backend/bootstrap/cache directory must be present and writable. {"exception":"[object] (Exception(code: 0): The /var/www/backend/bootstrap/cache directory must be present and writable. at /var/www/backend/vendor/laravel/framework/src/Illuminate/Foundation/PackageManifest.php:179)
[stacktrace]
#0 /var/www/backend/vendor/laravel/framework/src/Illuminate/Foundation/PackageManifest.php(132): Illuminate\\Foundation\\PackageManifest->write(Array)
#1 /var/www/backend/vendor/laravel/framework/src/Illuminate/Foundation/PackageManifest.php(108): Illuminate\\Foundation\\PackageManifest->build()
#2 /var/www/backend/vendor/laravel/framework/src/Illuminate/Foundation/PackageManifest.php(91): Illuminate\\Foundation\\PackageManifest->getManifest()
#3 /var/www/backend/vendor/laravel/framework/src/Illuminate/Foundation/PackageManifest.php(80): Illuminate\\Foundation\\PackageManifest->config('aliases')
#4 /var/www/backend/vendor/laravel/framework/src/Illuminate/Foundation/Bootstrap/RegisterFacades.php(26): Illuminate\\Foundation\\PackageManifest->aliases()
#5 /var/www/backend/vendor/laravel/framework/src/Illuminate/Foundation/Application.php(342): Illuminate\\Foundation\\Bootstrap\\RegisterFacades->bootstrap(Object(Illuminate\\Foundation\\Application))
#6 /var/www/backend/vendor/laravel/framework/src/Illuminate/Foundation/Console/Kernel.php(474): Illuminate\\Foundation\\Application->bootstrapWith(Array)
#7 /var/www/backend/vendor/laravel/framework/src/Illuminate/Foundation/Console/Kernel.php(196): Illuminate\\Foundation\\Console\\Kernel->bootstrap()
#8 /var/www/backend/vendor/laravel/framework/src/Illuminate/Foundation/Application.php(1235): Illuminate\\Foundation\\Console\\Kernel->handle(Object(Symfony\\Component\\Console\\Input\\ArgvInput), Object(Symfony\\Component\\Console\\Output\\ConsoleOutput))
#9 /var/www/backend/artisan(10): Illuminate\\Foundation\\Application->handleCommand(Object(Symfony\\Component\\Console\\Input\\ArgvInput))
#10 {main}
"} 
[2026-10-10 11:19:52] local.ERROR: The /var/www/backend/bootstrap/cache directory must be present and writable. {"exception":"[object] (Exception(code: 0): The /var/www/backend/bootstrap/cache directory must be present and writable. at /var/www/backend/vendor/laravel/framework/src/Illuminate/Foundation/PackageManifest.php:179)
[stacktrace]
#0 /var/www/backend/vendor/laravel/framework/src/Illuminate/Foundation/PackageManifest.php(132): Illuminate\\Foundation\\PackageManifest->write(Array)
#1 /var/www/backend/vendor/laravel/framework/src/Illuminate/Foundation/PackageManifest.php(108): Illuminate\\Foundation\\PackageManifest->build()
#2 /var/www/backend/vendor/laravel/framework/src/Illuminate/Foundation/PackageManifest.php(91): Illuminate\\Foundation\\PackageManifest->getManifest()
#3 /var/www/backend/vendor/laravel/framework/src/Illuminate/Foundation/PackageManifest.php(80): Illuminate\\Foundation\\PackageManifest->config('aliases')
#4 /var/www/backend/vendor/laravel/framework/src/Illuminate/Foundation/Bootstrap/RegisterFacades.php(26): Illuminate\\Foundation\\PackageManifest->aliases()
#5 /var/www/backend/vendor/laravel/framework/src/Illuminate/Foundation/Application.php(342): Illuminate\\Foundation\\Bootstrap\\RegisterFacades->bootstrap(Object(Illuminate\\Foundation\\Application))
#6 /var/www/backend/vendor/laravel/framework/src/Illuminate/Foundation/Console/Kernel.php(474): Illuminate\\Foundation\\Application->bootstrapWith(Array)
#7 /var/www/backend/vendor/laravel/framework/src/Illuminate/Foundation/Console/Kernel.php(196): Illuminate\\Foundation\\Console\\Kernel->bootstrap()
#8 /var/www/backend/vendor/laravel/framework/src/Illuminate/Foundation/Application.php(1235): Illuminate\\Foundation\\Console\\Kernel->handle(Object(Symfony\\Component\\Console\\Input\\ArgvInput), Object(Symfony\\Component\\Console\\Output\\ConsoleOutput))
#9 /var/www/backend/artisan(10): Illuminate\\Foundation\\Application->handleCommand(Object(Symfony\\Component\\Console\\Input\\ArgvInput))
#10 {main}
"} 
[2026-10-10 11:19:54] local.ERROR: The /var/www/backend/bootstrap/cache directory must be present and writable. {"exception":"[object] (Exception(code: 0): The /var/www/backend/bootstrap/cache directory must be present and writable. at /var/www/backend/vendor/laravel/framework/src/Illuminate/Foundation/PackageManifest.php:179)
[stacktrace]
#0 /var/www/backend/vendor/laravel/framework/src/Illuminate/Foundation/PackageManifest.php(132): Illuminate\\Foundation\\PackageManifest->write(Array)
#1 /var/www/backend/vendor/laravel/framework/src/Illuminate/Foundation/PackageManifest.php(108): Illuminate\\Foundation\\PackageManifest->build()
#2 /var/www/backend/vendor/laravel/framework/src/Illuminate/Foundation/PackageManifest.php(91): Illuminate\\Foundation\\PackageManifest->getManifest()
#3 /var/www/backend/vendor/laravel/framework/src/Illuminate/Foundation/PackageManifest.php(80): Illuminate\\Foundation\\PackageManifest->config('aliases')
#4 /var/www/backend/vendor/laravel/framework/src/Illuminate/Foundation/Bootstrap/RegisterFacades.php(26): Illuminate\\Foundation\\PackageManifest->aliases()
#5 /var/www/backend/vendor/laravel/framework/src/Illuminate/Foundation/Application.php(342): Illuminate\\Foundation\\Bootstrap\\RegisterFacades->bootstrap(Object(Illuminate\\Foundation\\Application))
#6 /var/www/backend/vendor/laravel/framework/src/Illuminate/Foundation/Console/Kernel.php(474): Illuminate\\Foundation\\Application->bootstrapWith(Array)
#7 /var/www/backend/vendor/laravel/framework/src/Illuminate/Foundation/Console/Kernel.php(196): Illuminate\\Foundation\\Console\\Kernel->bootstrap()
#8 /var/www/backend/vendor/laravel/framework/src/Illuminate/Foundation/Application.php(1235): Illuminate\\Foundation\\Console\\Kernel->handle(Object(Symfony\\Component\\Console\\Input\\ArgvInput), Object(Symfony\\Component\\Console\\Output\\ConsoleOutput))
#9 /var/www/backend/artisan(10): Illuminate\\Foundation\\Application->handleCommand(Object(Symfony\\Component\\Console\\Input\\ArgvInput))
#10 {main}
"} 
[2026-10-10 11:19:57] local.ERROR: The /var/www/backend/bootstrap/cache directory must be present and writable. {"exception":"[object] (Exception(code: 0): The /var/www/backend/bootstrap/cache directory must be present and writable. at /var/www/backend/vendor/laravel/framework/src/Illuminate/Foundation/PackageManifest.php:179)
[stacktrace]
#0 /var/www/backend/vendor/laravel/framework/src/Illuminate/Foundation/PackageManifest.php(132): Illuminate\\Foundation\\PackageManifest->write(Array)
#1 /var/www/backend/vendor/laravel/framework/src/Illuminate/Foundation/PackageManifest.php(108): Illuminate\\Foundation\\PackageManifest->build()
#2 /var/www/backend/vendor/laravel/framework/src/Illuminate/Foundation/PackageManifest.php(91): Illuminate\\Foundation\\PackageManifest->getManifest()
#3 /var/www/backend/vendor/laravel/framework/src/Illuminate/Foundation/PackageManifest.php(80): Illuminate\\Foundation\\PackageManifest->config('aliases')
#4 /var/www/backend/vendor/laravel/framework/src/Illuminate/Foundation/Bootstrap/RegisterFacades.php(26): Illuminate\\Foundation\\PackageManifest->aliases()
#5 /var/www/backend/vendor/laravel/framework/src/Illuminate/Foundation/Application.php(342): Illuminate\\Foundation\\Bootstrap\\RegisterFacades->bootstrap(Object(Illuminate\\Foundation\\Application))
#6 /var/www/backend/vendor/laravel/framework/src/Illuminate/Foundation/Console/Kernel.php(474): Illuminate\\Foundation\\Application->bootstrapWith(Array)
#7 /var/www/backend/vendor/laravel/framework/src/Illuminate/Foundation/Console/Kernel.php(196): Illuminate\\Foundation\\Console\\Kernel->bootstrap()
#8 /var/www/backend/vendor/laravel/framework/src/Illuminate/Foundation/Application.php(1235): Illuminate\\Foundation\\Console\\Kernel->handle(Object(Symfony\\Component\\Console\\Input\\ArgvInput), Object(Symfony\\Component\\Console\\Output\\ConsoleOutput))
#9 /var/www/backend/artisan(10): Illuminate\\Foundation\\Application->handleCommand(Object(Symfony\\Component\\Console\\Input\\ArgvInput))
#10 {main}
"} 
[2026-10-10 11:20:02] local.ERROR: The /var/www/backend/bootstrap/cache directory must be present and writable. {"exception":"[object] (Exception(code: 0): The /var/www/backend/bootstrap/cache directory must be present and writable. at /var/www/backend/vendor/laravel/framework/src/Illuminate/Foundation/PackageManifest.php:179)
[stacktrace]
#0 /var/www/backend/vendor/laravel/framework/src/Illuminate/Foundation/PackageManifest.php(132): Illuminate\\Foundation\\PackageManifest->write(Array)
#1 /var/www/backend/vendor/laravel/framework/src/Illuminate/Foundation/PackageManifest.php(108): Illuminate\\Foundation\\PackageManifest->build()
#2 /var/www/backend/vendor/laravel/framework/src/Illuminate/Foundation/PackageManifest.php(91): Illuminate\\Foundation\\PackageManifest->getManifest()
#3 /var/www/backend/vendor/laravel/framework/src/Illuminate/Foundation/PackageManifest.php(80): Illuminate\\Foundation\\PackageManifest->config('aliases')
#4 /var/www/backend/vendor/laravel/framework/src/Illuminate/Foundation/Bootstrap/RegisterFacades.php(26): Illuminate\\Foundation\\PackageManifest->aliases()
#5 /var/www/backend/vendor/laravel/framework/src/Illuminate/Foundation/Application.php(342): Illuminate\\Foundation\\Bootstrap\\RegisterFacades->bootstrap(Object(Illuminate\\Foundation\\Application))
#6 /var/www/backend/vendor/laravel/framework/src/Illuminate/Foundation/Console/Kernel.php(474): Illuminate\\Foundation\\Application->bootstrapWith(Array)
#7 /var/www/backend/vendor/laravel/framework/src/Illuminate/Foundation/Console/Kernel.php(196): Illuminate\\Foundation\\Console\\Kernel->bootstrap()
#8 /var/www/backend/vendor/laravel/framework/src/Illuminate/Foundation/Application.php(1235): Illuminate\\Foundation\\Console\\Kernel->handle(Object(Symfony\\Component\\Console\\Input\\ArgvInput), Object(Symfony\\Component\\Console\\Output\\ConsoleOutput))
#9 /var/www/backend/artisan(10): Illuminate\\Foundation\\Application->handleCommand(Object(Symfony\\Component\\Console\\Input\\ArgvInput))
#10 {main}
"} 
[2026-10-10 11:20:10] local.ERROR: The /var/www/backend/bootstrap/cache directory must be present and writable. {"exception":"[object] (Exception(code: 0): The /var/www/backend/bootstrap/cache directory must be present and writable. at /var/www/backend/vendor/laravel/framework/src/Illuminate/Foundation/PackageManifest.php:179)
[stacktrace]
#0 /var/www/backend/vendor/laravel/framework/src/Illuminate/Foundation/PackageManifest.php(132): Illuminate\\Foundation\\PackageManifest->write(Array)
#1 /var/www/backend/vendor/laravel/framework/src/Illuminate/Foundation/PackageManifest.php(108): Illuminate\\Foundation\\PackageManifest->build()
#2 /var/www/backend/vendor/laravel/framework/src/Illuminate/Foundation/PackageManifest.php(91): Illuminate\\Foundation\\PackageManifest->getManifest()
#3 /var/www/backend/vendor/laravel/framework/src/Illuminate/Foundation/PackageManifest.php(80): Illuminate\\Foundation\\PackageManifest->config('aliases')
#4 /var/www/backend/vendor/laravel/framework/src/Illuminate/Foundation/Bootstrap/RegisterFacades.php(26): Illuminate\\Foundation\\PackageManifest->aliases()
#5 /var/www/backend/vendor/laravel/framework/src/Illuminate/Foundation/Application.php(342): Illuminate\\Foundation\\Bootstrap\\RegisterFacades->bootstrap(Object(Illuminate\\Foundation\\Application))
#6 /var/www/backend/vendor/laravel/framework/src/Illuminate/Foundation/Console/Kernel.php(474): Illuminate\\Foundation\\Application->bootstrapWith(Array)
#7 /var/www/backend/vendor/laravel/framework/src/Illuminate/Foundation/Console/Kernel.php(196): Illuminate\\Foundation\\Console\\Kernel->bootstrap()
#8 /var/www/backend/vendor/laravel/framework/src/Illuminate/Foundation/Application.php(1235): Illuminate\\Foundation\\Console\\Kernel->handle(Object(Symfony\\Component\\Console\\Input\\ArgvInput), Object(Symfony\\Component\\Console\\Output\\ConsoleOutput))
#9 /var/www/backend/artisan(10): Illuminate\\Foundation\\Application->handleCommand(Object(Symfony\\Component\\Console\\Input\\ArgvInput))
#10 {main}
"} 
[2026-10-10 11:20:24] local.ERROR: The /var/www/backend/bootstrap/cache directory must be present and writable. {"exception":"[object] (Exception(code: 0): The /var/www/backend/bootstrap/cache directory must be present and writable. at /var/www/backend/vendor/laravel/framework/src/Illuminate/Foundation/PackageManifest.php:179)
[stacktrace]
#0 /var/www/backend/vendor/laravel/framework/src/Illuminate/Foundation/PackageManifest.php(132): Illuminate\\Foundation\\PackageManifest->write(Array)
#1 /var/www/backend/vendor/laravel/framework/src/Illuminate/Foundation/PackageManifest.php(108): Illuminate\\Foundation\\PackageManifest->build()
#2 /var/www/backend/vendor/laravel/framework/src/Illuminate/Foundation/PackageManifest.php(91): Illuminate\\Foundation\\PackageManifest->getManifest()
#3 /var/www/backend/vendor/laravel/framework/src/Illuminate/Foundation/PackageManifest.php(80): Illuminate\\Foundation\\PackageManifest->config('aliases')
#4 /var/www/backend/vendor/laravel/framework/src/Illuminate/Foundation/Bootstrap/RegisterFacades.php(26): Illuminate\\Foundation\\PackageManifest->aliases()
#5 /var/www/backend/vendor/laravel/framework/src/Illuminate/Foundation/Application.php(342): Illuminate\\Foundation\\Bootstrap\\RegisterFacades->bootstrap(Object(Illuminate\\Foundation\\Application))
#6 /var/www/backend/vendor/laravel/framework/src/Illuminate/Foundation/Console/Kernel.php(474): Illuminate\\Foundation\\Application->bootstrapWith(Array)
#7 /var/www/backend/vendor/laravel/framework/src/Illuminate/Foundation/Console/Kernel.php(196): Illuminate\\Foundation\\Console\\Kernel->bootstrap()
#8 /var/www/backend/vendor/laravel/framework/src/Illuminate/Foundation/Application.php(1235): Illuminate\\Foundation\\Console\\Kernel->handle(Object(Symfony\\Component\\Console\\Input\\ArgvInput), Object(Symfony\\Component\\Console\\Output\\ConsoleOutput))
#9 /var/www/backend/artisan(10): Illuminate\\Foundation\\Application->handleCommand(Object(Symfony\\Component\\Console\\Input\\ArgvInput))
#10 {main}
"} 
[2026-10-10 11:20:32] local.ERROR: The /var/www/backend/bootstrap/cache directory must be present and writable. {"exception":"[object] (Exception(code: 0): The /var/www/backend/bootstrap/cache directory must be present and writable. at /var/www/backend/vendor/laravel/framework/src/Illuminate/Foundation/PackageManifest.php:179)
[stacktrace]
#0 /var/www/backend/vendor/laravel/framework/src/Illuminate/Foundation/PackageManifest.php(132): Illuminate\\Foundation\\PackageManifest->write(Array)
#1 /var/www/backend/vendor/laravel/framework/src/Illuminate/Foundation/PackageManifest.php(108): Illuminate\\Foundation\\PackageManifest->build()
#2 /var/www/backend/vendor/laravel/framework/src/Illuminate/Foundation/PackageManifest.php(91): Illuminate\\Foundation\\PackageManifest->getManifest()
#3 /var/www/backend/vendor/laravel/framework/src/Illuminate/Foundation/PackageManifest.php(80): Illuminate\\Foundation\\PackageManifest->config('aliases')
#4 /var/www/backend/vendor/laravel/framework/src/Illuminate/Foundation/Bootstrap/RegisterFacades.php(26): Illuminate\\Foundation\\PackageManifest->aliases()
#5 /var/www/backend/vendor/laravel/framework/src/Illuminate/Foundation/Application.php(342): Illuminate\\Foundation\\Bootstrap\\RegisterFacades->bootstrap(Object(Illuminate\\Foundation\\Application))
#6 /var/www/backend/vendor/laravel/framework/src/Illuminate/Foundation/Console/Kernel.php(474): Illuminate\\Foundation\\Application->bootstrapWith(Array)
#7 /var/www/backend/vendor/laravel/framework/src/Illuminate/Foundation/Console/Kernel.php(196): Illuminate\\Foundation\\Console\\Kernel->bootstrap()
#8 /var/www/backend/vendor/laravel/framework/src/Illuminate/Foundation/Application.php(1235): Illuminate\\Foundation\\Console\\Kernel->handle(Object(Symfony\\Component\\Console\\Input\\ArgvInput), Object(Symfony\\Component\\Console\\Output\\ConsoleOutput))
#9 /var/www/backend/artisan(10): Illuminate\\Foundation\\Application->handleCommand(Object(Symfony\\Component\\Console\\Input\\ArgvInput))
#10 {main}
"} 
[2026-10-10 11:20:34] local.ERROR: The /var/www/backend/bootstrap/cache directory must be present and writable. {"exception":"[object] (Exception(code: 0): The /var/www/backend/bootstrap/cache directory must be present and writable. at /var/www/backend/vendor/laravel/framework/src/Illuminate/Foundation/PackageManifest.php:179)
[stacktrace]
#0 /var/www/backend/vendor/laravel/framework/src/Illuminate/Foundation/PackageManifest.php(132): Illuminate\\Foundation\\PackageManifest->write(Array)
#1 /var/www/backend/vendor/laravel/framework/src/Illuminate/Foundation/PackageManifest.php(108): Illuminate\\Foundation\\PackageManifest->build()
#2 /var/www/backend/vendor/laravel/framework/src/Illuminate/Foundation/PackageManifest.php(91): Illuminate\\Foundation\\PackageManifest->getManifest()
#3 /var/www/backend/vendor/laravel/framework/src/Illuminate/Foundation/PackageManifest.php(80): Illuminate\\Foundation\\PackageManifest->config('aliases')
#4 /var/www/backend/vendor/laravel/framework/src/Illuminate/Foundation/Bootstrap/RegisterFacades.php(26): Illuminate\\Foundation\\PackageManifest->aliases()
#5 /var/www/backend/vendor/laravel/framework/src/Illuminate/Foundation/Application.php(342): Illuminate\\Foundation\\Bootstrap\\RegisterFacades->bootstrap(Object(Illuminate\\Foundation\\Application))
#6 /var/www/backend/vendor/laravel/framework/src/Illuminate/Foundation/Console/Kernel.php(474): Illuminate\\Foundation\\Application->bootstrapWith(Array)
#7 /var/www/backend/vendor/laravel/framework/src/Illuminate/Foundation/Console/Kernel.php(196): Illuminate\\Foundation\\Console\\Kernel->bootstrap()
#8 /var/www/backend/vendor/laravel/framework/src/Illuminate/Foundation/Application.php(1235): Illuminate\\Foundation\\Console\\Kernel->handle(Object(Symfony\\Component\\Console\\Input\\ArgvInput), Object(Symfony\\Component\\Console\\Output\\ConsoleOutput))
#9 /var/www/backend/artisan(10): Illuminate\\Foundation\\Application->handleCommand(Object(Symfony\\Component\\Console\\Input\\ArgvInput))
#10 {main}
"} 
[2026-10-10 11:20:36] local.ERROR: The /var/www/backend/bootstrap/cache directory must be present and writable. {"exception":"[object] (Exception(code: 0): The /var/www/backend/bootstrap/cache directory must be present and writable. at /var/www/backend/vendor/laravel/framework/src/Illuminate/Foundation/PackageManifest.php:179)
[stacktrace]
#0 /var/www/backend/vendor/laravel/framework/src/Illuminate/Foundation/PackageManifest.php(132): Illuminate\\Foundation\\PackageManifest->write(Array)
#1 /var/www/backend/vendor/laravel/framework/src/Illuminate/Foundation/PackageManifest.php(108): Illuminate\\Foundation\\PackageManifest->build()
#2 /var/www/backend/vendor/laravel/framework/src/Illuminate/Foundation/PackageManifest.php(91): Illuminate\\Foundation\\PackageManifest->getManifest()
#3 /var/www/backend/vendor/laravel/framework/src/Illuminate/Foundation/PackageManifest.php(80): Illuminate\\Foundation\\PackageManifest->config('aliases')
#4 /var/www/backend/vendor/laravel/framework/src/Illuminate/Foundation/Bootstrap/RegisterFacades.php(26): Illuminate\\Foundation\\PackageManifest->aliases()
#5 /var/www/backend/vendor/laravel/framework/src/Illuminate/Foundation/Application.php(342): Illuminate\\Foundation\\Bootstrap\\RegisterFacades->bootstrap(Object(Illuminate\\Foundation\\Application))
#6 /var/www/backend/vendor/laravel/framework/src/Illuminate/Foundation/Console/Kernel.php(474): Illuminate\\Foundation\\Application->bootstrapWith(Array)
#7 /var/www/backend/vendor/laravel/framework/src/Illuminate/Foundation/Console/Kernel.php(196): Illuminate\\Foundation\\Console\\Kernel->bootstrap()
#8 /var/www/backend/vendor/laravel/framework/src/Illuminate/Foundation/Application.php(1235): Illuminate\\Foundation\\Console\\Kernel->handle(Object(Symfony\\Component\\Console\\Input\\ArgvInput), Object(Symfony\\Component\\Console\\Output\\ConsoleOutput))
#9 /var/www/backend/artisan(10): Illuminate\\Foundation\\Application->handleCommand(Object(Symfony\\Component\\Console\\Input\\ArgvInput))
#10 {main}
"} 
[2026-10-10 11:20:37] local.ERROR: The /var/www/backend/bootstrap/cache directory must be present and writable. {"exception":"[object] (Exception(code: 0): The /var/www/backend/bootstrap/cache directory must be present and writable. at /var/www/backend/vendor/laravel/framework/src/Illuminate/Foundation/PackageManifest.php:179)
[stacktrace]
#0 /var/www/backend/vendor/laravel/framework/src/Illuminate/Foundation/PackageManifest.php(132): Illuminate\\Foundation\\PackageManifest->write(Array)
#1 /var/www/backend/vendor/laravel/framework/src/Illuminate/Foundation/PackageManifest.php(108): Illuminate\\Foundation\\PackageManifest->build()
#2 /var/www/backend/vendor/laravel/framework/src/Illuminate/Foundation/PackageManifest.php(91): Illuminate\\Foundation\\PackageManifest->getManifest()
#3 /var/www/backend/vendor/laravel/framework/src/Illuminate/Foundation/PackageManifest.php(80): Illuminate\\Foundation\\PackageManifest->config('aliases')
#4 /var/www/backend/vendor/laravel/framework/src/Illuminate/Foundation/Bootstrap/RegisterFacades.php(26): Illuminate\\Foundation\\PackageManifest->aliases()
#5 /var/www/backend/vendor/laravel/framework/src/Illuminate/Foundation/Application.php(342): Illuminate\\Foundation\\Bootstrap\\RegisterFacades->bootstrap(Object(Illuminate\\Foundation\\Application))
#6 /var/www/backend/vendor/laravel/framework/src/Illuminate/Foundation/Console/Kernel.php(474): Illuminate\\Foundation\\Application->bootstrapWith(Array)
#7 /var/www/backend/vendor/laravel/framework/src/Illuminate/Foundation/Console/Kernel.php(196): Illuminate\\Foundation\\Console\\Kernel->bootstrap()
#8 /var/www/backend/vendor/laravel/framework/src/Illuminate/Foundation/Application.php(1235): Illuminate\\Foundation\\Console\\Kernel->handle(Object(Symfony\\Component\\Console\\Input\\ArgvInput), Object(Symfony\\Component\\Console\\Output\\ConsoleOutput))
#9 /var/www/backend/artisan(10): Illuminate\\Foundation\\Application->handleCommand(Object(Symfony\\Component\\Console\\Input\\ArgvInput))
#10 {main}
"} 
[2026-10-10 11:20:40] local.ERROR: The /var/www/backend/bootstrap/cache directory must be present and writable. {"exception":"[object] (Exception(code: 0): The /var/www/backend/bootstrap/cache directory must be present and writable. at /var/www/backend/vendor/laravel/framework/src/Illuminate/Foundation/PackageManifest.php:179)
[stacktrace]
#0 /var/www/backend/vendor/laravel/framework/src/Illuminate/Foundation/PackageManifest.php(132): Illuminate\\Foundation\\PackageManifest->write(Array)
#1 /var/www/backend/vendor/laravel/framework/src/Illuminate/Foundation/PackageManifest.php(108): Illuminate\\Foundation\\PackageManifest->build()
#2 /var/www/backend/vendor/laravel/framework/src/Illuminate/Foundation/PackageManifest.php(91): Illuminate\\Foundation\\PackageManifest->getManifest()
#3 /var/www/backend/vendor/laravel/framework/src/Illuminate/Foundation/PackageManifest.php(80): Illuminate\\Foundation\\PackageManifest->config('aliases')
#4 /var/www/backend/vendor/laravel/framework/src/Illuminate/Foundation/Bootstrap/RegisterFacades.php(26): Illuminate\\Foundation\\PackageManifest->aliases()
#5 /var/www/backend/vendor/laravel/framework/src/Illuminate/Foundation/Application.php(342): Illuminate\\Foundation\\Bootstrap\\RegisterFacades->bootstrap(Object(Illuminate\\Foundation\\Application))
#6 /var/www/backend/vendor/laravel/framework/src/Illuminate/Foundation/Console/Kernel.php(474): Illuminate\\Foundation\\Application->bootstrapWith(Array)
#7 /var/www/backend/vendor/laravel/framework/src/Illuminate/Foundation/Console/Kernel.php(196): Illuminate\\Foundation\\Console\\Kernel->bootstrap()
#8 /var/www/backend/vendor/laravel/framework/src/Illuminate/Foundation/Application.php(1235): Illuminate\\Foundation\\Console\\Kernel->handle(Object(Symfony\\Component\\Console\\Input\\ArgvInput), Object(Symfony\\Component\\Console\\Output\\ConsoleOutput))
#9 /var/www/backend/artisan(10): Illuminate\\Foundation\\Application->handleCommand(Object(Symfony\\Component\\Console\\Input\\ArgvInput))
#10 {main}
"} 
[2026-10-10 11:20:43] local.ERROR: The /var/www/backend/bootstrap/cache directory must be present and writable. {"exception":"[object] (Exception(code: 0): The /var/www/backend/bootstrap/cache directory must be present and writable. at /var/www/backend/vendor/laravel/framework/src/Illuminate/Foundation/PackageManifest.php:179)
[stacktrace]
#0 /var/www/backend/vendor/laravel/framework/src/Illuminate/Foundation/PackageManifest.php(132): Illuminate\\Foundation\\PackageManifest->write(Array)
#1 /var/www/backend/vendor/laravel/framework/src/Illuminate/Foundation/PackageManifest.php(108): Illuminate\\Foundation\\PackageManifest->build()
#2 /var/www/backend/vendor/laravel/framework/src/Illuminate/Foundation/PackageManifest.php(91): Illuminate\\Foundation\\PackageManifest->getManifest()
#3 /var/www/backend/vendor/laravel/framework/src/Illuminate/Foundation/PackageManifest.php(80): Illuminate\\Foundation\\PackageManifest->config('aliases')
#4 /var/www/backend/vendor/laravel/framework/src/Illuminate/Foundation/Bootstrap/RegisterFacades.php(26): Illuminate\\Foundation\\PackageManifest->aliases()
#5 /var/www/backend/vendor/laravel/framework/src/Illuminate/Foundation/Application.php(342): Illuminate\\Foundation\\Bootstrap\\RegisterFacades->bootstrap(Object(Illuminate\\Foundation\\Application))
#6 /var/www/backend/vendor/laravel/framework/src/Illuminate/Foundation/Console/Kernel.php(474): Illuminate\\Foundation\\Application->bootstrapWith(Array)
#7 /var/www/backend/vendor/laravel/framework/src/Illuminate/Foundation/Console/Kernel.php(196): Illuminate\\Foundation\\Console\\Kernel->bootstrap()
#8 /var/www/backend/vendor/laravel/framework/src/Illuminate/Foundation/Application.php(1235): Illuminate\\Foundation\\Console\\Kernel->handle(Object(Symfony\\Component\\Console\\Input\\ArgvInput), Object(Symfony\\Component\\Console\\Output\\ConsoleOutput))
#9 /var/www/backend/artisan(10): Illuminate\\Foundation\\Application->handleCommand(Object(Symfony\\Component\\Console\\Input\\ArgvInput))
#10 {main}
"} 
[2026-10-10 11:20:48] local.ERROR: The /var/www/backend/bootstrap/cache directory must be present and writable. {"exception":"[object] (Exception(code: 0): The /var/www/backend/bootstrap/cache directory must be present and writable. at /var/www/backend/vendor/laravel/framework/src/Illuminate/Foundation/PackageManifest.php:179)
[stacktrace]
#0 /var/www/backend/vendor/laravel/framework/src/Illuminate/Foundation/PackageManifest.php(132): Illuminate\\Foundation\\PackageManifest->write(Array)
#1 /var/www/backend/vendor/laravel/framework/src/Illuminate/Foundation/PackageManifest.php(108): Illuminate\\Foundation\\PackageManifest->build()
#2 /var/www/backend/vendor/laravel/framework/src/Illuminate/Foundation/PackageManifest.php(91): Illuminate\\Foundation\\PackageManifest->getManifest()
#3 /var/www/backend/vendor/laravel/framework/src/Illuminate/Foundation/PackageManifest.php(80): Illuminate\\Foundation\\PackageManifest->config('aliases')
#4 /var/www/backend/vendor/laravel/framework/src/Illuminate/Foundation/Bootstrap/RegisterFacades.php(26): Illuminate\\Foundation\\PackageManifest->aliases()
#5 /var/www/backend/vendor/laravel/framework/src/Illuminate/Foundation/Application.php(342): Illuminate\\Foundation\\Bootstrap\\RegisterFacades->bootstrap(Object(Illuminate\\Foundation\\Application))
#6 /var/www/backend/vendor/laravel/framework/src/Illuminate/Foundation/Console/Kernel.php(474): Illuminate\\Foundation\\Application->bootstrapWith(Array)
#7 /var/www/backend/vendor/laravel/framework/src/Illuminate/Foundation/Console/Kernel.php(196): Illuminate\\Foundation\\Console\\Kernel->bootstrap()
#8 /var/www/backend/vendor/laravel/framework/src/Illuminate/Foundation/Application.php(1235): Illuminate\\Foundation\\Console\\Kernel->handle(Object(Symfony\\Component\\Console\\Input\\ArgvInput), Object(Symfony\\Component\\Console\\Output\\ConsoleOutput))
#9 /var/www/backend/artisan(10): Illuminate\\Foundation\\Application->handleCommand(Object(Symfony\\Component\\Console\\Input\\ArgvInput))
#10 {main}
"} 
[2026-10-10 11:20:55] local.ERROR: The /var/www/backend/bootstrap/cache directory must be present and writable. {"exception":"[object] (Exception(code: 0): The /var/www/backend/bootstrap/cache directory must be present and writable. at /var/www/backend/vendor/laravel/framework/src/Illuminate/Foundation/PackageManifest.php:179)
[stacktrace]
#0 /var/www/backend/vendor/laravel/framework/src/Illuminate/Foundation/PackageManifest.php(132): Illuminate\\Foundation\\PackageManifest->write(Array)
#1 /var/www/backend/vendor/laravel/framework/src/Illuminate/Foundation/PackageManifest.php(108): Illuminate\\Foundation\\PackageManifest->build()
#2 /var/www/backend/vendor/laravel/framework/src/Illuminate/Foundation/PackageManifest.php(91): Illuminate\\Foundation\\PackageManifest->getManifest()
#3 /var/www/backend/vendor/laravel/framework/src/Illuminate/Foundation/PackageManifest.php(80): Illuminate\\Foundation\\PackageManifest->config('aliases')
#4 /var/www/backend/vendor/laravel/framework/src/Illuminate/Foundation/Bootstrap/RegisterFacades.php(26): Illuminate\\Foundation\\PackageManifest->aliases()
#5 /var/www/backend/vendor/laravel/framework/src/Illuminate/Foundation/Application.php(342): Illuminate\\Foundation\\Bootstrap\\RegisterFacades->bootstrap(Object(Illuminate\\Foundation\\Application))
#6 /var/www/backend/vendor/laravel/framework/src/Illuminate/Foundation/Console/Kernel.php(474): Illuminate\\Foundation\\Application->bootstrapWith(Array)
#7 /var/www/backend/vendor/laravel/framework/src/Illuminate/Foundation/Console/Kernel.php(196): Illuminate\\Foundation\\Console\\Kernel->bootstrap()
#8 /var/www/backend/vendor/laravel/framework/src/Illuminate/Foundation/Application.php(1235): Illuminate\\Foundation\\Console\\Kernel->handle(Object(Symfony\\Component\\Console\\Input\\ArgvInput), Object(Symfony\\Component\\Console\\Output\\ConsoleOutput))
#9 /var/www/backend/artisan(10): Illuminate\\Foundation\\Application->handleCommand(Object(Symfony\\Component\\Console\\Input\\ArgvInput))
#10 {main}
"} 
[2026-10-10 11:21:10] local.ERROR: The /var/www/backend/bootstrap/cache directory must be present and writable. {"exception":"[object] (Exception(code: 0): The /var/www/backend/bootstrap/cache directory must be present and writable. at /var/www/backend/vendor/laravel/framework/src/Illuminate/Foundation/PackageManifest.php:179)
[stacktrace]
#0 /var/www/backend/vendor/laravel/framework/src/Illuminate/Foundation/PackageManifest.php(132): Illuminate\\Foundation\\PackageManifest->write(Array)
#1 /var/www/backend/vendor/laravel/framework/src/Illuminate/Foundation/PackageManifest.php(108): Illuminate\\Foundation\\PackageManifest->build()
#2 /var/www/backend/vendor/laravel/framework/src/Illuminate/Foundation/PackageManifest.php(91): Illuminate\\Foundation\\PackageManifest->getManifest()
#3 /var/www/backend/vendor/laravel/framework/src/Illuminate/Foundation/PackageManifest.php(80): Illuminate\\Foundation\\PackageManifest->config('aliases')
#4 /var/www/backend/vendor/laravel/framework/src/Illuminate/Foundation/Bootstrap/RegisterFacades.php(26): Illuminate\\Foundation\\PackageManifest->aliases()
#5 /var/www/backend/vendor/laravel/framework/src/Illuminate/Foundation/Application.php(342): Illuminate\\Foundation\\Bootstrap\\RegisterFacades->bootstrap(Object(Illuminate\\Foundation\\Application))
#6 /var/www/backend/vendor/laravel/framework/src/Illuminate/Foundation/Console/Kernel.php(474): Illuminate\\Foundation\\Application->bootstrapWith(Array)
#7 /var/www/backend/vendor/laravel/framework/src/Illuminate/Foundation/Console/Kernel.php(196): Illuminate\\Foundation\\Console\\Kernel->bootstrap()
#8 /var/www/backend/vendor/laravel/framework/src/Illuminate/Foundation/Application.php(1235): Illuminate\\Foundation\\Console\\Kernel->handle(Object(Symfony\\Component\\Console\\Input\\ArgvInput), Object(Symfony\\Component\\Console\\Output\\ConsoleOutput))
#9 /var/www/backend/artisan(10): Illuminate\\Foundation\\Application->handleCommand(Object(Symfony\\Component\\Console\\Input\\ArgvInput))
#10 {main}
"} 
[2026-10-10 11:21:55] local.ERROR: Class "App\Http\Controllers\Controller" not found {"exception":"[object] (Error(code: 0): Class \"App\\Http\\Controllers\\Controller\" not found at /var/www/backend/app/Http/Controllers/Api/PropertyController.php:12)
[stacktrace]
#0 /var/www/backend/vendor/composer/ClassLoader.php(576): include()
#1 /var/www/backend/vendor/composer/ClassLoader.php(427): Composer\\Autoload\\{closure}('/var/www/backen...')
#2 [internal function]: Composer\\Autoload\\ClassLoader->loadClass('App\\\\Http\\\\Contro...')
#3 /var/www/backend/vendor/laravel/framework/src/Illuminate/Routing/Route.php(1117): is_a('App\\\\Http\\\\Contro...', 'Illuminate\\\\Rout...', true)
#4 /var/www/backend/vendor/laravel/framework/src/Illuminate/Routing/Route.php(1054): Illuminate\\Routing\\Route->controllerMiddleware()
#5 /var/www/backend/vendor/laravel/framework/src/Illuminate/Routing/Router.php(820): Illuminate\\Routing\\Route->gatherMiddleware()
#6 /var/www/backend/vendor/laravel/framework/src/Illuminate/Routing/Router.php(802): Illuminate\\Routing\\Router->gatherRouteMiddleware(Object(Illuminate\\Routing\\Route))
#7 /var/www/backend/vendor/laravel/framework/src/Illuminate/Routing/Router.php(786): Illuminate\\Routing\\Router->runRouteWithinStack(Object(Illuminate\\Routing\\Route), Object(Illuminate\\Http\\Request))
#8 /var/www/backend/vendor/laravel/framework/src/Illuminate/Routing/Router.php(750): Illuminate\\Routing\\Router->runRoute(Object(Illuminate\\Http\\Request), Object(Illuminate\\Routing\\Route))
#9 /var/www/backend/vendor/laravel/framework/src/Illuminate/Routing/Router.php(739): Illuminate\\Routing\\Router->dispatchToRoute(Object(Illuminate\\Http\\Request))
#10 /var/www/backend/vendor/laravel/framework/src/Illuminate/Foundation/Http/Kernel.php(201): Illuminate\\Routing\\Router->dispatch(Object(Illuminate\\Http\\Request))
#11 /var/www/backend/vendor/laravel/framework/src/Illuminate/Pipeline/Pipeline.php(170): Illuminate\\Foundation\\Http\\Kernel->Illuminate\\Foundation\\Http\\{closure}(Object(Illuminate\\Http\\Request))
#12 /var/www/backend/vendor/laravel/framework/src/Illuminate/Foundation/Http/Middleware/TransformsRequest.php(21): Illuminate\\Pipeline\\Pipeline->Illuminate\\Pipeline\\{closure}(Object(Illuminate\\Http\\Request))
#13 /var/www/backend/vendor/laravel/framework/src/Illuminate/Foundation/Http/Middleware/ConvertEmptyStringsToNull.php(31): Illuminate\\Foundation\\Http\\Middleware\\TransformsRequest->handle(Object(Illuminate\\Http\\Request), Object(Closure))
#14 /var/www/backend/vendor/laravel/framework/src/Illuminate/Pipeline/Pipeline.php(209): Illuminate\\Foundation\\Http\\Middleware\\ConvertEmptyStringsToNull->handle(Object(Illuminate\\Http\\Request), Object(Closure))
#15 /var/www/backend/vendor/laravel/framework/src/Illuminate/Foundation/Http/Middleware/TransformsRequest.php(21): Illuminate\\Pipeline\\Pipeline->Illuminate\\Pipeline\\{closure}(Object(Illuminate\\Http\\Request))
#16 /var/www/backend/vendor/laravel/framework/src/Illuminate/Foundation/Http/Middleware/TrimStrings.php(51): Illuminate\\Foundation\\Http\\Middleware\\TransformsRequest->handle(Object(Illuminate\\Http\\Request), Object(Closure))
#17 /var/www/backend/vendor/laravel/framework/src/Illuminate/Pipeline/Pipeline.php(209): Illuminate\\Foundation\\Http\\Middleware\\TrimStrings->handle(Object(Illuminate\\Http\\Request), Object(Closure))
#18 /var/www/backend/vendor/laravel/framework/src/Illuminate/Http/Middleware/ValidatePostSize.php(27): Illuminate\\Pipeline\\Pipeline->Illuminate\\Pipeline\\{closure}(Object(Illuminate\\Http\\Request))
#19 /var/www/backend/vendor/laravel/framework/src/Illuminate/Pipeline/Pipeline.php(209): Illuminate\\Http\\Middleware\\ValidatePostSize->handle(Object(Illuminate\\Http\\Request), Object(Closure))
#20 /var/www/backend/vendor/laravel/framework/src/Illuminate/Foundation/Http/Middleware/PreventRequestsDuringMaintenance.php(110): Illuminate\\Pipeline\\Pipeline->Illuminate\\Pipeline\\{closure}(Object(Illuminate\\Http\\Request))
#21 /var/www/backend/vendor/laravel/framework/src/Illuminate/Pipeline/Pipeline.php(209): Illuminate\\Foundation\\Http\\Middleware\\PreventRequestsDuringMaintenance->handle(Object(Illuminate\\Http\\Request), Object(Closure))
#22 /var/www/backend/vendor/laravel/framework/src/Illuminate/Http/Middleware/HandleCors.php(62): Illuminate\\Pipeline\\Pipeline->Illuminate\\Pipeline\\{closure}(Object(Illuminate\\Http\\Request))
#23 /var/www/backend/vendor/laravel/framework/src/Illuminate/Pipeline/Pipeline.php(209): Illuminate\\Http\\Middleware\\HandleCors->handle(Object(Illuminate\\Http\\Request), Object(Closure))
#24 /var/www/backend/vendor/laravel/framework/src/Illuminate/Http/Middleware/TrustProxies.php(58): Illuminate\\Pipeline\\Pipeline->Illuminate\\Pipeline\\{closure}(Object(Illuminate\\Http\\Request))
#25 /var/www/backend/vendor/laravel/framework/src/Illuminate/Pipeline/Pipeline.php(209): Illuminate\\Http\\Middleware\\TrustProxies->handle(Object(Illuminate\\Http\\Request), Object(Closure))
#26 /var/www/backend/vendor/laravel/framework/src/Illuminate/Foundation/Http/Middleware/InvokeDeferredCallbacks.php(22): Illuminate\\Pipeline\\Pipeline->Illuminate\\Pipeline\\{closure}(Object(Illuminate\\Http\\Request))
#27 /var/www/backend/vendor/laravel/framework/src/Illuminate/Pipeline/Pipeline.php(209): Illuminate\\Foundation\\Http\\Middleware\\InvokeDeferredCallbacks->handle(Object(Illuminate\\Http\\Request), Object(Closure))
#28 /var/www/backend/vendor/laravel/framework/src/Illuminate/Pipeline/Pipeline.php(127): Illuminate\\Pipeline\\Pipeline->Illuminate\\Pipeline\\{closure}(Object(Illuminate\\Http\\Request))
#29 /var/www/backend/vendor/laravel/framework/src/Illuminate/Foundation/Http/Kernel.php(176): Illuminate\\Pipeline\\Pipeline->then(Object(Closure))
#30 /var/www/backend/vendor/laravel/framework/src/Illuminate/Foundation/Http/Kernel.php(145): Illuminate\\Foundation\\Http\\Kernel->sendRequestThroughRouter(Object(Illuminate\\Http\\Request))
#31 /var/www/backend/vendor/laravel/framework/src/Illuminate/Foundation/Application.php(1220): Illuminate\\Foundation\\Http\\Kernel->handle(Object(Illuminate\\Http\\Request))
#32 /var/www/backend/public/index.php(10): Illuminate\\Foundation\\Application->handleRequest(Object(Illuminate\\Http\\Request))
#33 /var/www/backend/vendor/laravel/framework/src/Illuminate/Foundation/resources/server.php(23): require_once('/var/www/backen...')
#34 {main}
"} 
[2026-10-10 11:21:55] local.ERROR: Class "App\Http\Controllers\Controller" not found {"exception":"[object] (Error(code: 0): Class \"App\\Http\\Controllers\\Controller\" not found at /var/www/backend/app/Http/Controllers/Api/PropertyController.php:12)
[stacktrace]
#0 /var/www/backend/vendor/composer/ClassLoader.php(576): include()
#1 /var/www/backend/vendor/composer/ClassLoader.php(427): Composer\\Autoload\\{closure}('/var/www/backen...')
#2 [internal function]: Composer\\Autoload\\ClassLoader->loadClass('App\\\\Http\\\\Contro...')
#3 /var/www/backend/vendor/laravel/framework/src/Illuminate/Routing/Route.php(1117): is_a('App\\\\Http\\\\Contro...', 'Illuminate\\\\Rout...', true)
#4 /var/www/backend/vendor/laravel/framework/src/Illuminate/Routing/Route.php(1054): Illuminate\\Routing\\Route->controllerMiddleware()
#5 /var/www/backend/vendor/laravel/framework/src/Illuminate/Routing/Router.php(820): Illuminate\\Routing\\Route->gatherMiddleware()
#6 /var/www/backend/vendor/laravel/framework/src/Illuminate/Routing/Router.php(802): Illuminate\\Routing\\Router->gatherRouteMiddleware(Object(Illuminate\\Routing\\Route))
#7 /var/www/backend/vendor/laravel/framework/src/Illuminate/Routing/Router.php(786): Illuminate\\Routing\\Router->runRouteWithinStack(Object(Illuminate\\Routing\\Route), Object(Illuminate\\Http\\Request))
#8 /var/www/backend/vendor/laravel/framework/src/Illuminate/Routing/Router.php(750): Illuminate\\Routing\\Router->runRoute(Object(Illuminate\\Http\\Request), Object(Illuminate\\Routing\\Route))
#9 /var/www/backend/vendor/laravel/framework/src/Illuminate/Routing/Router.php(739): Illuminate\\Routing\\Router->dispatchToRoute(Object(Illuminate\\Http\\Request))
#10 /var/www/backend/vendor/laravel/framework/src/Illuminate/Foundation/Http/Kernel.php(201): Illuminate\\Routing\\Router->dispatch(Object(Illuminate\\Http\\Request))
#11 /var/www/backend/vendor/laravel/framework/src/Illuminate/Pipeline/Pipeline.php(170): Illuminate\\Foundation\\Http\\Kernel->Illuminate\\Foundation\\Http\\{closure}(Object(Illuminate\\Http\\Request))
#12 /var/www/backend/vendor/laravel/framework/src/Illuminate/Foundation/Http/Middleware/TransformsRequest.php(21): Illuminate\\Pipeline\\Pipeline->Illuminate\\Pipeline\\{closure}(Object(Illuminate\\Http\\Request))
#13 /var/www/backend/vendor/laravel/framework/src/Illuminate/Foundation/Http/Middleware/ConvertEmptyStringsToNull.php(31): Illuminate\\Foundation\\Http\\Middleware\\TransformsRequest->handle(Object(Illuminate\\Http\\Request), Object(Closure))
#14 /var/www/backend/vendor/laravel/framework/src/Illuminate/Pipeline/Pipeline.php(209): Illuminate\\Foundation\\Http\\Middleware\\ConvertEmptyStringsToNull->handle(Object(Illuminate\\Http\\Request), Object(Closure))
#15 /var/www/backend/vendor/laravel/framework/src/Illuminate/Foundation/Http/Middleware/TransformsRequest.php(21): Illuminate\\Pipeline\\Pipeline->Illuminate\\Pipeline\\{closure}(Object(Illuminate\\Http\\Request))
#16 /var/www/backend/vendor/laravel/framework/src/Illuminate/Foundation/Http/Middleware/TrimStrings.php(51): Illuminate\\Foundation\\Http\\Middleware\\TransformsRequest->handle(Object(Illuminate\\Http\\Request), Object(Closure))
#17 /var/www/backend/vendor/laravel/framework/src/Illuminate/Pipeline/Pipeline.php(209): Illuminate\\Foundation\\Http\\Middleware\\TrimStrings->handle(Object(Illuminate\\Http\\Request), Object(Closure))
#18 /var/www/backend/vendor/laravel/framework/src/Illuminate/Http/Middleware/ValidatePostSize.php(27): Illuminate\\Pipeline\\Pipeline->Illuminate\\Pipeline\\{closure}(Object(Illuminate\\Http\\Request))
#19 /var/www/backend/vendor/laravel/framework/src/Illuminate/Pipeline/Pipeline.php(209): Illuminate\\Http\\Middleware\\ValidatePostSize->handle(Object(Illuminate\\Http\\Request), Object(Closure))
#20 /var/www/backend/vendor/laravel/framework/src/Illuminate/Foundation/Http/Middleware/PreventRequestsDuringMaintenance.php(110): Illuminate\\Pipeline\\Pipeline->Illuminate\\Pipeline\\{closure}(Object(Illuminate\\Http\\Request))
#21 /var/www/backend/vendor/laravel/framework/src/Illuminate/Pipeline/Pipeline.php(209): Illuminate\\Foundation\\Http\\Middleware\\PreventRequestsDuringMaintenance->handle(Object(Illuminate\\Http\\Request), Object(Closure))
#22 /var/www/backend/vendor/laravel/framework/src/Illuminate/Http/Middleware/HandleCors.php(62): Illuminate\\Pipeline\\Pipeline->Illuminate\\Pipeline\\{closure}(Object(Illuminate\\Http\\Request))
#23 /var/www/backend/vendor/laravel/framework/src/Illuminate/Pipeline/Pipeline.php(209): Illuminate\\Http\\Middleware\\HandleCors->handle(Object(Illuminate\\Http\\Request), Object(Closure))
#24 /var/www/backend/vendor/laravel/framework/src/Illuminate/Http/Middleware/TrustProxies.php(58): Illuminate\\Pipeline\\Pipeline->Illuminate\\Pipeline\\{closure}(Object(Illuminate\\Http\\Request))
#25 /var/www/backend/vendor/laravel/framework/src/Illuminate/Pipeline/Pipeline.php(209): Illuminate\\Http\\Middleware\\TrustProxies->handle(Object(Illuminate\\Http\\Request), Object(Closure))
#26 /var/www/backend/vendor/laravel/framework/src/Illuminate/Foundation/Http/Middleware/InvokeDeferredCallbacks.php(22): Illuminate\\Pipeline\\Pipeline->Illuminate\\Pipeline\\{closure}(Object(Illuminate\\Http\\Request))
#27 /var/www/backend/vendor/laravel/framework/src/Illuminate/Pipeline/Pipeline.php(209): Illuminate\\Foundation\\Http\\Middleware\\InvokeDeferredCallbacks->handle(Object(Illuminate\\Http\\Request), Object(Closure))
#28 /var/www/backend/vendor/laravel/framework/src/Illuminate/Pipeline/Pipeline.php(127): Illuminate\\Pipeline\\Pipeline->Illuminate\\Pipeline\\{closure}(Object(Illuminate\\Http\\Request))
#29 /var/www/backend/vendor/laravel/framework/src/Illuminate/Foundation/Http/Kernel.php(176): Illuminate\\Pipeline\\Pipeline->then(Object(Closure))
#30 /var/www/backend/vendor/laravel/framework/src/Illuminate/Foundation/Http/Kernel.php(145): Illuminate\\Foundation\\Http\\Kernel->sendRequestThroughRouter(Object(Illuminate\\Http\\Request))
#31 /var/www/backend/vendor/laravel/framework/src/Illuminate/Foundation/Application.php(1220): Illuminate\\Foundation\\Http\\Kernel->handle(Object(Illuminate\\Http\\Request))
#32 /var/www/backend/public/index.php(10): Illuminate\\Foundation\\Application->handleRequest(Object(Illuminate\\Http\\Request))
#33 /var/www/backend/vendor/laravel/framework/src/Illuminate/Foundation/resources/server.php(23): require_once('/var/www/backen...')
#34 {main}
"} 
[2026-10-10 11:21:55] local.ERROR: Class "App\Http\Controllers\Controller" not found {"exception":"[object] (Error(code: 0): Class \"App\\Http\\Controllers\\Controller\" not found at /var/www/backend/app/Http/Controllers/Api/PropertyController.php:12)
[stacktrace]
#0 /var/www/backend/vendor/composer/ClassLoader.php(576): include()
#1 /var/www/backend/vendor/composer/ClassLoader.php(427): Composer\\Autoload\\{closure}('/var/www/backen...')
#2 [internal function]: Composer\\Autoload\\ClassLoader->loadClass('App\\\\Http\\\\Contro...')
#3 /var/www/backend/vendor/laravel/framework/src/Illuminate/Routing/Route.php(1117): is_a('App\\\\Http\\\\Contro...', 'Illuminate\\\\Rout...', true)
#4 /var/www/backend/vendor/laravel/framework/src/Illuminate/Routing/Route.php(1054): Illuminate\\Routing\\Route->controllerMiddleware()
#5 /var/www/backend/vendor/laravel/framework/src/Illuminate/Routing/Router.php(820): Illuminate\\Routing\\Route->gatherMiddleware()
#6 /var/www/backend/vendor/laravel/framework/src/Illuminate/Routing/Router.php(802): Illuminate\\Routing\\Router->gatherRouteMiddleware(Object(Illuminate\\Routing\\Route))
#7 /var/www/backend/vendor/laravel/framework/src/Illuminate/Routing/Router.php(786): Illuminate\\Routing\\Router->runRouteWithinStack(Object(Illuminate\\Routing\\Route), Object(Illuminate\\Http\\Request))
#8 /var/www/backend/vendor/laravel/framework/src/Illuminate/Routing/Router.php(750): Illuminate\\Routing\\Router->runRoute(Object(Illuminate\\Http\\Request), Object(Illuminate\\Routing\\Route))
#9 /var/www/backend/vendor/laravel/framework/src/Illuminate/Routing/Router.php(739): Illuminate\\Routing\\Router->dispatchToRoute(Object(Illuminate\\Http\\Request))
#10 /var/www/backend/vendor/laravel/framework/src/Illuminate/Foundation/Http/Kernel.php(201): Illuminate\\Routing\\Router->dispatch(Object(Illuminate\\Http\\Request))
#11 /var/www/backend/vendor/laravel/framework/src/Illuminate/Pipeline/Pipeline.php(170): Illuminate\\Foundation\\Http\\Kernel->Illuminate\\Foundation\\Http\\{closure}(Object(Illuminate\\Http\\Request))
#12 /var/www/backend/vendor/laravel/framework/src/Illuminate/Foundation/Http/Middleware/TransformsRequest.php(21): Illuminate\\Pipeline\\Pipeline->Illuminate\\Pipeline\\{closure}(Object(Illuminate\\Http\\Request))
#13 /var/www/backend/vendor/laravel/framework/src/Illuminate/Foundation/Http/Middleware/ConvertEmptyStringsToNull.php(31): Illuminate\\Foundation\\Http\\Middleware\\TransformsRequest->handle(Object(Illuminate\\Http\\Request), Object(Closure))
#14 /var/www/backend/vendor/laravel/framework/src/Illuminate/Pipeline/Pipeline.php(209): Illuminate\\Foundation\\Http\\Middleware\\ConvertEmptyStringsToNull->handle(Object(Illuminate\\Http\\Request), Object(Closure))
#15 /var/www/backend/vendor/laravel/framework/src/Illuminate/Foundation/Http/Middleware/TransformsRequest.php(21): Illuminate\\Pipeline\\Pipeline->Illuminate\\Pipeline\\{closure}(Object(Illuminate\\Http\\Request))
#16 /var/www/backend/vendor/laravel/framework/src/Illuminate/Foundation/Http/Middleware/TrimStrings.php(51): Illuminate\\Foundation\\Http\\Middleware\\TransformsRequest->handle(Object(Illuminate\\Http\\Request), Object(Closure))
#17 /var/www/backend/vendor/laravel/framework/src/Illuminate/Pipeline/Pipeline.php(209): Illuminate\\Foundation\\Http\\Middleware\\TrimStrings->handle(Object(Illuminate\\Http\\Request), Object(Closure))
#18 /var/www/backend/vendor/laravel/framework/src/Illuminate/Http/Middleware/ValidatePostSize.php(27): Illuminate\\Pipeline\\Pipeline->Illuminate\\Pipeline\\{closure}(Object(Illuminate\\Http\\Request))
#19 /var/www/backend/vendor/laravel/framework/src/Illuminate/Pipeline/Pipeline.php(209): Illuminate\\Http\\Middleware\\ValidatePostSize->handle(Object(Illuminate\\Http\\Request), Object(Closure))
#20 /var/www/backend/vendor/laravel/framework/src/Illuminate/Foundation/Http/Middleware/PreventRequestsDuringMaintenance.php(110): Illuminate\\Pipeline\\Pipeline->Illuminate\\Pipeline\\{closure}(Object(Illuminate\\Http\\Request))
#21 /var/www/backend/vendor/laravel/framework/src/Illuminate/Pipeline/Pipeline.php(209): Illuminate\\Foundation\\Http\\Middleware\\PreventRequestsDuringMaintenance->handle(Object(Illuminate\\Http\\Request), Object(Closure))
#22 /var/www/backend/vendor/laravel/framework/src/Illuminate/Http/Middleware/HandleCors.php(62): Illuminate\\Pipeline\\Pipeline->Illuminate\\Pipeline\\{closure}(Object(Illuminate\\Http\\Request))
#23 /var/www/backend/vendor/laravel/framework/src/Illuminate/Pipeline/Pipeline.php(209): Illuminate\\Http\\Middleware\\HandleCors->handle(Object(Illuminate\\Http\\Request), Object(Closure))
#24 /var/www/backend/vendor/laravel/framework/src/Illuminate/Http/Middleware/TrustProxies.php(58): Illuminate\\Pipeline\\Pipeline->Illuminate\\Pipeline\\{closure}(Object(Illuminate\\Http\\Request))
#25 /var/www/backend/vendor/laravel/framework/src/Illuminate/Pipeline/Pipeline.php(209): Illuminate\\Http\\Middleware\\TrustProxies->handle(Object(Illuminate\\Http\\Request), Object(Closure))
#26 /var/www/backend/vendor/laravel/framework/src/Illuminate/Foundation/Http/Middleware/InvokeDeferredCallbacks.php(22): Illuminate\\Pipeline\\Pipeline->Illuminate\\Pipeline\\{closure}(Object(Illuminate\\Http\\Request))
#27 /var/www/backend/vendor/laravel/framework/src/Illuminate/Pipeline/Pipeline.php(209): Illuminate\\Foundation\\Http\\Middleware\\InvokeDeferredCallbacks->handle(Object(Illuminate\\Http\\Request), Object(Closure))
#28 /var/www/backend/vendor/laravel/framework/src/Illuminate/Pipeline/Pipeline.php(127): Illuminate\\Pipeline\\Pipeline->Illuminate\\Pipeline\\{closure}(Object(Illuminate\\Http\\Request))
#29 /var/www/backend/vendor/laravel/framework/src/Illuminate/Foundation/Http/Kernel.php(176): Illuminate\\Pipeline\\Pipeline->then(Object(Closure))
#30 /var/www/backend/vendor/laravel/framework/src/Illuminate/Foundation/Http/Kernel.php(145): Illuminate\\Foundation\\Http\\Kernel->sendRequestThroughRouter(Object(Illuminate\\Http\\Request))
#31 /var/www/backend/vendor/laravel/framework/src/Illuminate/Foundation/Application.php(1220): Illuminate\\Foundation\\Http\\Kernel->handle(Object(Illuminate\\Http\\Request))
#32 /var/www/backend/public/index.php(10): Illuminate\\Foundation\\Application->handleRequest(Object(Illuminate\\Http\\Request))
#33 /var/www/backend/vendor/laravel/framework/src/Illuminate/Foundation/resources/server.php(23): require_once('/var/www/backen...')
#34 {main}
"} 
[2026-10-10 11:21:55] local.ERROR: Class "App\Http\Controllers\Controller" not found {"exception":"[object] (Error(code: 0): Class \"App\\Http\\Controllers\\Controller\" not found at /var/www/backend/app/Http/Controllers/Api/AuthController.php:11)
[stacktrace]
#0 /var/www/backend/vendor/composer/ClassLoader.php(576): include()
#1 /var/www/backend/vendor/composer/ClassLoader.php(427): Composer\\Autoload\\{closure}('/var/www/backen...')
#2 [internal function]: Composer\\Autoload\\ClassLoader->loadClass('App\\\\Http\\\\Contro...')
#3 /var/www/backend/vendor/laravel/framework/src/Illuminate/Routing/Route.php(1117): is_a('App\\\\Http\\\\Contro...', 'Illuminate\\\\Rout...', true)
#4 /var/www/backend/vendor/laravel/framework/src/Illuminate/Routing/Route.php(1054): Illuminate\\Routing\\Route->controllerMiddleware()
#5 /var/www/backend/vendor/laravel/framework/src/Illuminate/Routing/Router.php(820): Illuminate\\Routing\\Route->gatherMiddleware()
#6 /var/www/backend/vendor/laravel/framework/src/Illuminate/Routing/Router.php(802): Illuminate\\Routing\\Router->gatherRouteMiddleware(Object(Illuminate\\Routing\\Route))
#7 /var/www/backend/vendor/laravel/framework/src/Illuminate/Routing/Router.php(786): Illuminate\\Routing\\Router->runRouteWithinStack(Object(Illuminate\\Routing\\Route), Object(Illuminate\\Http\\Request))
#8 /var/www/backend/vendor/laravel/framework/src/Illuminate/Routing/Router.php(750): Illuminate\\Routing\\Router->runRoute(Object(Illuminate\\Http\\Request), Object(Illuminate\\Routing\\Route))
#9 /var/www/backend/vendor/laravel/framework/src/Illuminate/Routing/Router.php(739): Illuminate\\Routing\\Router->dispatchToRoute(Object(Illuminate\\Http\\Request))
#10 /var/www/backend/vendor/laravel/framework/src/Illuminate/Foundation/Http/Kernel.php(201): Illuminate\\Routing\\Router->dispatch(Object(Illuminate\\Http\\Request))
#11 /var/www/backend/vendor/laravel/framework/src/Illuminate/Pipeline/Pipeline.php(170): Illuminate\\Foundation\\Http\\Kernel->Illuminate\\Foundation\\Http\\{closure}(Object(Illuminate\\Http\\Request))
#12 /var/www/backend/vendor/laravel/framework/src/Illuminate/Foundation/Http/Middleware/TransformsRequest.php(21): Illuminate\\Pipeline\\Pipeline->Illuminate\\Pipeline\\{closure}(Object(Illuminate\\Http\\Request))
#13 /var/www/backend/vendor/laravel/framework/src/Illuminate/Foundation/Http/Middleware/ConvertEmptyStringsToNull.php(31): Illuminate\\Foundation\\Http\\Middleware\\TransformsRequest->handle(Object(Illuminate\\Http\\Request), Object(Closure))
#14 /var/www/backend/vendor/laravel/framework/src/Illuminate/Pipeline/Pipeline.php(209): Illuminate\\Foundation\\Http\\Middleware\\ConvertEmptyStringsToNull->handle(Object(Illuminate\\Http\\Request), Object(Closure))
#15 /var/www/backend/vendor/laravel/framework/src/Illuminate/Foundation/Http/Middleware/TransformsRequest.php(21): Illuminate\\Pipeline\\Pipeline->Illuminate\\Pipeline\\{closure}(Object(Illuminate\\Http\\Request))
#16 /var/www/backend/vendor/laravel/framework/src/Illuminate/Foundation/Http/Middleware/TrimStrings.php(51): Illuminate\\Foundation\\Http\\Middleware\\TransformsRequest->handle(Object(Illuminate\\Http\\Request), Object(Closure))
#17 /var/www/backend/vendor/laravel/framework/src/Illuminate/Pipeline/Pipeline.php(209): Illuminate\\Foundation\\Http\\Middleware\\TrimStrings->handle(Object(Illuminate\\Http\\Request), Object(Closure))
#18 /var/www/backend/vendor/laravel/framework/src/Illuminate/Http/Middleware/ValidatePostSize.php(27): Illuminate\\Pipeline\\Pipeline->Illuminate\\Pipeline\\{closure}(Object(Illuminate\\Http\\Request))
#19 /var/www/backend/vendor/laravel/framework/src/Illuminate/Pipeline/Pipeline.php(209): Illuminate\\Http\\Middleware\\ValidatePostSize->handle(Object(Illuminate\\Http\\Request), Object(Closure))
#20 /var/www/backend/vendor/laravel/framework/src/Illuminate/Foundation/Http/Middleware/PreventRequestsDuringMaintenance.php(110): Illuminate\\Pipeline\\Pipeline->Illuminate\\Pipeline\\{closure}(Object(Illuminate\\Http\\Request))
#21 /var/www/backend/vendor/laravel/framework/src/Illuminate/Pipeline/Pipeline.php(209): Illuminate\\Foundation\\Http\\Middleware\\PreventRequestsDuringMaintenance->handle(Object(Illuminate\\Http\\Request), Object(Closure))
#22 /var/www/backend/vendor/laravel/framework/src/Illuminate/Http/Middleware/HandleCors.php(62): Illuminate\\Pipeline\\Pipeline->Illuminate\\Pipeline\\{closure}(Object(Illuminate\\Http\\Request))
#23 /var/www/backend/vendor/laravel/framework/src/Illuminate/Pipeline/Pipeline.php(209): Illuminate\\Http\\Middleware\\HandleCors->handle(Object(Illuminate\\Http\\Request), Object(Closure))
#24 /var/www/backend/vendor/laravel/framework/src/Illuminate/Http/Middleware/TrustProxies.php(58): Illuminate\\Pipeline\\Pipeline->Illuminate\\Pipeline\\{closure}(Object(Illuminate\\Http\\Request))
#25 /var/www/backend/vendor/laravel/framework/src/Illuminate/Pipeline/Pipeline.php(209): Illuminate\\Http\\Middleware\\TrustProxies->handle(Object(Illuminate\\Http\\Request), Object(Closure))
#26 /var/www/backend/vendor/laravel/framework/src/Illuminate/Foundation/Http/Middleware/InvokeDeferredCallbacks.php(22): Illuminate\\Pipeline\\Pipeline->Illuminate\\Pipeline\\{closure}(Object(Illuminate\\Http\\Request))
#27 /var/www/backend/vendor/laravel/framework/src/Illuminate/Pipeline/Pipeline.php(209): Illuminate\\Foundation\\Http\\Middleware\\InvokeDeferredCallbacks->handle(Object(Illuminate\\Http\\Request), Object(Closure))
#28 /var/www/backend/vendor/laravel/framework/src/Illuminate/Pipeline/Pipeline.php(127): Illuminate\\Pipeline\\Pipeline->Illuminate\\Pipeline\\{closure}(Object(Illuminate\\Http\\Request))
#29 /var/www/backend/vendor/laravel/framework/src/Illuminate/Foundation/Http/Kernel.php(176): Illuminate\\Pipeline\\Pipeline->then(Object(Closure))
#30 /var/www/backend/vendor/laravel/framework/src/Illuminate/Foundation/Http/Kernel.php(145): Illuminate\\Foundation\\Http\\Kernel->sendRequestThroughRouter(Object(Illuminate\\Http\\Request))
#31 /var/www/backend/vendor/laravel/framework/src/Illuminate/Foundation/Application.php(1220): Illuminate\\Foundation\\Http\\Kernel->handle(Object(Illuminate\\Http\\Request))
#32 /var/www/backend/public/index.php(10): Illuminate\\Foundation\\Application->handleRequest(Object(Illuminate\\Http\\Request))
#33 /var/www/backend/vendor/laravel/framework/src/Illuminate/Foundation/resources/server.php(23): require_once('/var/www/backen...')
#34 {main}
"} 
[2026-10-10 11:21:58] local.ERROR: Class "App\Http\Controllers\Controller" not found {"exception":"[object] (Error(code: 0): Class \"App\\Http\\Controllers\\Controller\" not found at /var/www/backend/app/Http/Controllers/Api/PropertyController.php:12)
[stacktrace]
#0 /var/www/backend/vendor/composer/ClassLoader.php(576): include()
#1 /var/www/backend/vendor/composer/ClassLoader.php(427): Composer\\Autoload\\{closure}('/var/www/backen...')
#2 [internal function]: Composer\\Autoload\\ClassLoader->loadClass('App\\\\Http\\\\Contro...')
#3 /var/www/backend/vendor/laravel/framework/src/Illuminate/Routing/Route.php(1117): is_a('App\\\\Http\\\\Contro...', 'Illuminate\\\\Rout...', true)
#4 /var/www/backend/vendor/laravel/framework/src/Illuminate/Routing/Route.php(1054): Illuminate\\Routing\\Route->controllerMiddleware()
#5 /var/www/backend/vendor/laravel/framework/src/Illuminate/Routing/Router.php(820): Illuminate\\Routing\\Route->gatherMiddleware()
#6 /var/www/backend/vendor/laravel/framework/src/Illuminate/Routing/Router.php(802): Illuminate\\Routing\\Router->gatherRouteMiddleware(Object(Illuminate\\Routing\\Route))
#7 /var/www/backend/vendor/laravel/framework/src/Illuminate/Routing/Router.php(786): Illuminate\\Routing\\Router->runRouteWithinStack(Object(Illuminate\\Routing\\Route), Object(Illuminate\\Http\\Request))
#8 /var/www/backend/vendor/laravel/framework/src/Illuminate/Routing/Router.php(750): Illuminate\\Routing\\Router->runRoute(Object(Illuminate\\Http\\Request), Object(Illuminate\\Routing\\Route))
#9 /var/www/backend/vendor/laravel/framework/src/Illuminate/Routing/Router.php(739): Illuminate\\Routing\\Router->dispatchToRoute(Object(Illuminate\\Http\\Request))
#10 /var/www/backend/vendor/laravel/framework/src/Illuminate/Foundation/Http/Kernel.php(201): Illuminate\\Routing\\Router->dispatch(Object(Illuminate\\Http\\Request))
#11 /var/www/backend/vendor/laravel/framework/src/Illuminate/Pipeline/Pipeline.php(170): Illuminate\\Foundation\\Http\\Kernel->Illuminate\\Foundation\\Http\\{closure}(Object(Illuminate\\Http\\Request))
#12 /var/www/backend/vendor/laravel/framework/src/Illuminate/Foundation/Http/Middleware/TransformsRequest.php(21): Illuminate\\Pipeline\\Pipeline->Illuminate\\Pipeline\\{closure}(Object(Illuminate\\Http\\Request))
#13 /var/www/backend/vendor/laravel/framework/src/Illuminate/Foundation/Http/Middleware/ConvertEmptyStringsToNull.php(31): Illuminate\\Foundation\\Http\\Middleware\\TransformsRequest->handle(Object(Illuminate\\Http\\Request), Object(Closure))
#14 /var/www/backend/vendor/laravel/framework/src/Illuminate/Pipeline/Pipeline.php(209): Illuminate\\Foundation\\Http\\Middleware\\ConvertEmptyStringsToNull->handle(Object(Illuminate\\Http\\Request), Object(Closure))
#15 /var/www/backend/vendor/laravel/framework/src/Illuminate/Foundation/Http/Middleware/TransformsRequest.php(21): Illuminate\\Pipeline\\Pipeline->Illuminate\\Pipeline\\{closure}(Object(Illuminate\\Http\\Request))
#16 /var/www/backend/vendor/laravel/framework/src/Illuminate/Foundation/Http/Middleware/TrimStrings.php(51): Illuminate\\Foundation\\Http\\Middleware\\TransformsRequest->handle(Object(Illuminate\\Http\\Request), Object(Closure))
#17 /var/www/backend/vendor/laravel/framework/src/Illuminate/Pipeline/Pipeline.php(209): Illuminate\\Foundation\\Http\\Middleware\\TrimStrings->handle(Object(Illuminate\\Http\\Request), Object(Closure))
#18 /var/www/backend/vendor/laravel/framework/src/Illuminate/Http/Middleware/ValidatePostSize.php(27): Illuminate\\Pipeline\\Pipeline->Illuminate\\Pipeline\\{closure}(Object(Illuminate\\Http\\Request))
#19 /var/www/backend/vendor/laravel/framework/src/Illuminate/Pipeline/Pipeline.php(209): Illuminate\\Http\\Middleware\\ValidatePostSize->handle(Object(Illuminate\\Http\\Request), Object(Closure))
#20 /var/www/backend/vendor/laravel/framework/src/Illuminate/Foundation/Http/Middleware/PreventRequestsDuringMaintenance.php(110): Illuminate\\Pipeline\\Pipeline->Illuminate\\Pipeline\\{closure}(Object(Illuminate\\Http\\Request))
#21 /var/www/backend/vendor/laravel/framework/src/Illuminate/Pipeline/Pipeline.php(209): Illuminate\\Foundation\\Http\\Middleware\\PreventRequestsDuringMaintenance->handle(Object(Illuminate\\Http\\Request), Object(Closure))
#22 /var/www/backend/vendor/laravel/framework/src/Illuminate/Http/Middleware/HandleCors.php(62): Illuminate\\Pipeline\\Pipeline->Illuminate\\Pipeline\\{closure}(Object(Illuminate\\Http\\Request))
#23 /var/www/backend/vendor/laravel/framework/src/Illuminate/Pipeline/Pipeline.php(209): Illuminate\\Http\\Middleware\\HandleCors->handle(Object(Illuminate\\Http\\Request), Object(Closure))
#24 /var/www/backend/vendor/laravel/framework/src/Illuminate/Http/Middleware/TrustProxies.php(58): Illuminate\\Pipeline\\Pipeline->Illuminate\\Pipeline\\{closure}(Object(Illuminate\\Http\\Request))
#25 /var/www/backend/vendor/laravel/framework/src/Illuminate/Pipeline/Pipeline.php(209): Illuminate\\Http\\Middleware\\TrustProxies->handle(Object(Illuminate\\Http\\Request), Object(Closure))
#26 /var/www/backend/vendor/laravel/framework/src/Illuminate/Foundation/Http/Middleware/InvokeDeferredCallbacks.php(22): Illuminate\\Pipeline\\Pipeline->Illuminate\\Pipeline\\{closure}(Object(Illuminate\\Http\\Request))
#27 /var/www/backend/vendor/laravel/framework/src/Illuminate/Pipeline/Pipeline.php(209): Illuminate\\Foundation\\Http\\Middleware\\InvokeDeferredCallbacks->handle(Object(Illuminate\\Http\\Request), Object(Closure))
#28 /var/www/backend/vendor/laravel/framework/src/Illuminate/Pipeline/Pipeline.php(127): Illuminate\\Pipeline\\Pipeline->Illuminate\\Pipeline\\{closure}(Object(Illuminate\\Http\\Request))
#29 /var/www/backend/vendor/laravel/framework/src/Illuminate/Foundation/Http/Kernel.php(176): Illuminate\\Pipeline\\Pipeline->then(Object(Closure))
#30 /var/www/backend/vendor/laravel/framework/src/Illuminate/Foundation/Http/Kernel.php(145): Illuminate\\Foundation\\Http\\Kernel->sendRequestThroughRouter(Object(Illuminate\\Http\\Request))
#31 /var/www/backend/vendor/laravel/framework/src/Illuminate/Foundation/Application.php(1220): Illuminate\\Foundation\\Http\\Kernel->handle(Object(Illuminate\\Http\\Request))
#32 /var/www/backend/public/index.php(10): Illuminate\\Foundation\\Application->handleRequest(Object(Illuminate\\Http\\Request))
#33 /var/www/backend/vendor/laravel/framework/src/Illuminate/Foundation/resources/server.php(23): require_once('/var/www/backen...')
#34 {main}
"} 
[2026-10-10 11:21:58] local.ERROR: Class "App\Http\Controllers\Controller" not found {"exception":"[object] (Error(code: 0): Class \"App\\Http\\Controllers\\Controller\" not found at /var/www/backend/app/Http/Controllers/Api/PropertyController.php:12)
[stacktrace]
#0 /var/www/backend/vendor/composer/ClassLoader.php(576): include()
#1 /var/www/backend/vendor/composer/ClassLoader.php(427): Composer\\Autoload\\{closure}('/var/www/backen...')
#2 [internal function]: Composer\\Autoload\\ClassLoader->loadClass('App\\\\Http\\\\Contro...')
#3 /var/www/backend/vendor/laravel/framework/src/Illuminate/Routing/Route.php(1117): is_a('App\\\\Http\\\\Contro...', 'Illuminate\\\\Rout...', true)
#4 /var/www/backend/vendor/laravel/framework/src/Illuminate/Routing/Route.php(1054): Illuminate\\Routing\\Route->controllerMiddleware()
#5 /var/www/backend/vendor/laravel/framework/src/Illuminate/Routing/Router.php(820): Illuminate\\Routing\\Route->gatherMiddleware()
#6 /var/www/backend/vendor/laravel/framework/src/Illuminate/Routing/Router.php(802): Illuminate\\Routing\\Router->gatherRouteMiddleware(Object(Illuminate\\Routing\\Route))
#7 /var/www/backend/vendor/laravel/framework/src/Illuminate/Routing/Router.php(786): Illuminate\\Routing\\Router->runRouteWithinStack(Object(Illuminate\\Routing\\Route), Object(Illuminate\\Http\\Request))
#8 /var/www/backend/vendor/laravel/framework/src/Illuminate/Routing/Router.php(750): Illuminate\\Routing\\Router->runRoute(Object(Illuminate\\Http\\Request), Object(Illuminate\\Routing\\Route))
#9 /var/www/backend/vendor/laravel/framework/src/Illuminate/Routing/Router.php(739): Illuminate\\Routing\\Router->dispatchToRoute(Object(Illuminate\\Http\\Request))
#10 /var/www/backend/vendor/laravel/framework/src/Illuminate/Foundation/Http/Kernel.php(201): Illuminate\\Routing\\Router->dispatch(Object(Illuminate\\Http\\Request))
#11 /var/www/backend/vendor/laravel/framework/src/Illuminate/Pipeline/Pipeline.php(170): Illuminate\\Foundation\\Http\\Kernel->Illuminate\\Foundation\\Http\\{closure}(Object(Illuminate\\Http\\Request))
#12 /var/www/backend/vendor/laravel/framework/src/Illuminate/Foundation/Http/Middleware/TransformsRequest.php(21): Illuminate\\Pipeline\\Pipeline->Illuminate\\Pipeline\\{closure}(Object(Illuminate\\Http\\Request))
#13 /var/www/backend/vendor/laravel/framework/src/Illuminate/Foundation/Http/Middleware/ConvertEmptyStringsToNull.php(31): Illuminate\\Foundation\\Http\\Middleware\\TransformsRequest->handle(Object(Illuminate\\Http\\Request), Object(Closure))
#14 /var/www/backend/vendor/laravel/framework/src/Illuminate/Pipeline/Pipeline.php(209): Illuminate\\Foundation\\Http\\Middleware\\ConvertEmptyStringsToNull->handle(Object(Illuminate\\Http\\Request), Object(Closure))
#15 /var/www/backend/vendor/laravel/framework/src/Illuminate/Foundation/Http/Middleware/TransformsRequest.php(21): Illuminate\\Pipeline\\Pipeline->Illuminate\\Pipeline\\{closure}(Object(Illuminate\\Http\\Request))
#16 /var/www/backend/vendor/laravel/framework/src/Illuminate/Foundation/Http/Middleware/TrimStrings.php(51): Illuminate\\Foundation\\Http\\Middleware\\TransformsRequest->handle(Object(Illuminate\\Http\\Request), Object(Closure))
#17 /var/www/backend/vendor/laravel/framework/src/Illuminate/Pipeline/Pipeline.php(209): Illuminate\\Foundation\\Http\\Middleware\\TrimStrings->handle(Object(Illuminate\\Http\\Request), Object(Closure))
#18 /var/www/backend/vendor/laravel/framework/src/Illuminate/Http/Middleware/ValidatePostSize.php(27): Illuminate\\Pipeline\\Pipeline->Illuminate\\Pipeline\\{closure}(Object(Illuminate\\Http\\Request))
#19 /var/www/backend/vendor/laravel/framework/src/Illuminate/Pipeline/Pipeline.php(209): Illuminate\\Http\\Middleware\\ValidatePostSize->handle(Object(Illuminate\\Http\\Request), Object(Closure))
#20 /var/www/backend/vendor/laravel/framework/src/Illuminate/Foundation/Http/Middleware/PreventRequestsDuringMaintenance.php(110): Illuminate\\Pipeline\\Pipeline->Illuminate\\Pipeline\\{closure}(Object(Illuminate\\Http\\Request))
#21 /var/www/backend/vendor/laravel/framework/src/Illuminate/Pipeline/Pipeline.php(209): Illuminate\\Foundation\\Http\\Middleware\\PreventRequestsDuringMaintenance->handle(Object(Illuminate\\Http\\Request), Object(Closure))
#22 /var/www/backend/vendor/laravel/framework/src/Illuminate/Http/Middleware/HandleCors.php(62): Illuminate\\Pipeline\\Pipeline->Illuminate\\Pipeline\\{closure}(Object(Illuminate\\Http\\Request))
#23 /var/www/backend/vendor/laravel/framework/src/Illuminate/Pipeline/Pipeline.php(209): Illuminate\\Http\\Middleware\\HandleCors->handle(Object(Illuminate\\Http\\Request), Object(Closure))
#24 /var/www/backend/vendor/laravel/framework/src/Illuminate/Http/Middleware/TrustProxies.php(58): Illuminate\\Pipeline\\Pipeline->Illuminate\\Pipeline\\{closure}(Object(Illuminate\\Http\\Request))
#25 /var/www/backend/vendor/laravel/framework/src/Illuminate/Pipeline/Pipeline.php(209): Illuminate\\Http\\Middleware\\TrustProxies->handle(Object(Illuminate\\Http\\Request), Object(Closure))
#26 /var/www/backend/vendor/laravel/framework/src/Illuminate/Foundation/Http/Middleware/InvokeDeferredCallbacks.php(22): Illuminate\\Pipeline\\Pipeline->Illuminate\\Pipeline\\{closure}(Object(Illuminate\\Http\\Request))
#27 /var/www/backend/vendor/laravel/framework/src/Illuminate/Pipeline/Pipeline.php(209): Illuminate\\Foundation\\Http\\Middleware\\InvokeDeferredCallbacks->handle(Object(Illuminate\\Http\\Request), Object(Closure))
#28 /var/www/backend/vendor/laravel/framework/src/Illuminate/Pipeline/Pipeline.php(127): Illuminate\\Pipeline\\Pipeline->Illuminate\\Pipeline\\{closure}(Object(Illuminate\\Http\\Request))
#29 /var/www/backend/vendor/laravel/framework/src/Illuminate/Foundation/Http/Kernel.php(176): Illuminate\\Pipeline\\Pipeline->then(Object(Closure))
#30 /var/www/backend/vendor/laravel/framework/src/Illuminate/Foundation/Http/Kernel.php(145): Illuminate\\Foundation\\Http\\Kernel->sendRequestThroughRouter(Object(Illuminate\\Http\\Request))
#31 /var/www/backend/vendor/laravel/framework/src/Illuminate/Foundation/Application.php(1220): Illuminate\\Foundation\\Http\\Kernel->handle(Object(Illuminate\\Http\\Request))
#32 /var/www/backend/public/index.php(10): Illuminate\\Foundation\\Application->handleRequest(Object(Illuminate\\Http\\Request))
#33 /var/www/backend/vendor/laravel/framework/src/Illuminate/Foundation/resources/server.php(23): require_once('/var/www/backen...')
#34 {main}
"} 
[2026-10-10 11:22:10] local.ERROR: Class "App\Http\Controllers\Controller" not found {"exception":"[object] (Error(code: 0): Class \"App\\Http\\Controllers\\Controller\" not found at /var/www/backend/app/Http/Controllers/Api/PropertyController.php:12)
[stacktrace]
#0 /var/www/backend/vendor/composer/ClassLoader.php(576): include()
#1 /var/www/backend/vendor/composer/ClassLoader.php(427): Composer\\Autoload\\{closure}('/var/www/backen...')
#2 [internal function]: Composer\\Autoload\\ClassLoader->loadClass('App\\\\Http\\\\Contro...')
#3 /var/www/backend/vendor/laravel/framework/src/Illuminate/Routing/Route.php(1117): is_a('App\\\\Http\\\\Contro...', 'Illuminate\\\\Rout...', true)
#4 /var/www/backend/vendor/laravel/framework/src/Illuminate/Routing/Route.php(1054): Illuminate\\Routing\\Route->controllerMiddleware()
#5 /var/www/backend/vendor/laravel/framework/src/Illuminate/Routing/Router.php(820): Illuminate\\Routing\\Route->gatherMiddleware()
#6 /var/www/backend/vendor/laravel/framework/src/Illuminate/Routing/Router.php(802): Illuminate\\Routing\\Router->gatherRouteMiddleware(Object(Illuminate\\Routing\\Route))
#7 /var/www/backend/vendor/laravel/framework/src/Illuminate/Routing/Router.php(786): Illuminate\\Routing\\Router->runRouteWithinStack(Object(Illuminate\\Routing\\Route), Object(Illuminate\\Http\\Request))
#8 /var/www/backend/vendor/laravel/framework/src/Illuminate/Routing/Router.php(750): Illuminate\\Routing\\Router->runRoute(Object(Illuminate\\Http\\Request), Object(Illuminate\\Routing\\Route))
#9 /var/www/backend/vendor/laravel/framework/src/Illuminate/Routing/Router.php(739): Illuminate\\Routing\\Router->dispatchToRoute(Object(Illuminate\\Http\\Request))
#10 /var/www/backend/vendor/laravel/framework/src/Illuminate/Foundation/Http/Kernel.php(201): Illuminate\\Routing\\Router->dispatch(Object(Illuminate\\Http\\Request))
#11 /var/www/backend/vendor/laravel/framework/src/Illuminate/Pipeline/Pipeline.php(170): Illuminate\\Foundation\\Http\\Kernel->Illuminate\\Foundation\\Http\\{closure}(Object(Illuminate\\Http\\Request))
#12 /var/www/backend/vendor/laravel/framework/src/Illuminate/Foundation/Http/Middleware/TransformsRequest.php(21): Illuminate\\Pipeline\\Pipeline->Illuminate\\Pipeline\\{closure}(Object(Illuminate\\Http\\Request))
#13 /var/www/backend/vendor/laravel/framework/src/Illuminate/Foundation/Http/Middleware/ConvertEmptyStringsToNull.php(31): Illuminate\\Foundation\\Http\\Middleware\\TransformsRequest->handle(Object(Illuminate\\Http\\Request), Object(Closure))
#14 /var/www/backend/vendor/laravel/framework/src/Illuminate/Pipeline/Pipeline.php(209): Illuminate\\Foundation\\Http\\Middleware\\ConvertEmptyStringsToNull->handle(Object(Illuminate\\Http\\Request), Object(Closure))
#15 /var/www/backend/vendor/laravel/framework/src/Illuminate/Foundation/Http/Middleware/TransformsRequest.php(21): Illuminate\\Pipeline\\Pipeline->Illuminate\\Pipeline\\{closure}(Object(Illuminate\\Http\\Request))
#16 /var/www/backend/vendor/laravel/framework/src/Illuminate/Foundation/Http/Middleware/TrimStrings.php(51): Illuminate\\Foundation\\Http\\Middleware\\TransformsRequest->handle(Object(Illuminate\\Http\\Request), Object(Closure))
#17 /var/www/backend/vendor/laravel/framework/src/Illuminate/Pipeline/Pipeline.php(209): Illuminate\\Foundation\\Http\\Middleware\\TrimStrings->handle(Object(Illuminate\\Http\\Request), Object(Closure))
#18 /var/www/backend/vendor/laravel/framework/src/Illuminate/Http/Middleware/ValidatePostSize.php(27): Illuminate\\Pipeline\\Pipeline->Illuminate\\Pipeline\\{closure}(Object(Illuminate\\Http\\Request))
#19 /var/www/backend/vendor/laravel/framework/src/Illuminate/Pipeline/Pipeline.php(209): Illuminate\\Http\\Middleware\\ValidatePostSize->handle(Object(Illuminate\\Http\\Request), Object(Closure))
#20 /var/www/backend/vendor/laravel/framework/src/Illuminate/Foundation/Http/Middleware/PreventRequestsDuringMaintenance.php(110): Illuminate\\Pipeline\\Pipeline->Illuminate\\Pipeline\\{closure}(Object(Illuminate\\Http\\Request))
#21 /var/www/backend/vendor/laravel/framework/src/Illuminate/Pipeline/Pipeline.php(209): Illuminate\\Foundation\\Http\\Middleware\\PreventRequestsDuringMaintenance->handle(Object(Illuminate\\Http\\Request), Object(Closure))
#22 /var/www/backend/vendor/laravel/framework/src/Illuminate/Http/Middleware/HandleCors.php(62): Illuminate\\Pipeline\\Pipeline->Illuminate\\Pipeline\\{closure}(Object(Illuminate\\Http\\Request))
#23 /var/www/backend/vendor/laravel/framework/src/Illuminate/Pipeline/Pipeline.php(209): Illuminate\\Http\\Middleware\\HandleCors->handle(Object(Illuminate\\Http\\Request), Object(Closure))
#24 /var/www/backend/vendor/laravel/framework/src/Illuminate/Http/Middleware/TrustProxies.php(58): Illuminate\\Pipeline\\Pipeline->Illuminate\\Pipeline\\{closure}(Object(Illuminate\\Http\\Request))
#25 /var/www/backend/vendor/laravel/framework/src/Illuminate/Pipeline/Pipeline.php(209): Illuminate\\Http\\Middleware\\TrustProxies->handle(Object(Illuminate\\Http\\Request), Object(Closure))
#26 /var/www/backend/vendor/laravel/framework/src/Illuminate/Foundation/Http/Middleware/InvokeDeferredCallbacks.php(22): Illuminate\\Pipeline\\Pipeline->Illuminate\\Pipeline\\{closure}(Object(Illuminate\\Http\\Request))
#27 /var/www/backend/vendor/laravel/framework/src/Illuminate/Pipeline/Pipeline.php(209): Illuminate\\Foundation\\Http\\Middleware\\InvokeDeferredCallbacks->handle(Object(Illuminate\\Http\\Request), Object(Closure))
#28 /var/www/backend/vendor/laravel/framework/src/Illuminate/Pipeline/Pipeline.php(127): Illuminate\\Pipeline\\Pipeline->Illuminate\\Pipeline\\{closure}(Object(Illuminate\\Http\\Request))
#29 /var/www/backend/vendor/laravel/framework/src/Illuminate/Foundation/Http/Kernel.php(176): Illuminate\\Pipeline\\Pipeline->then(Object(Closure))
#30 /var/www/backend/vendor/laravel/framework/src/Illuminate/Foundation/Http/Kernel.php(145): Illuminate\\Foundation\\Http\\Kernel->sendRequestThroughRouter(Object(Illuminate\\Http\\Request))
#31 /var/www/backend/vendor/laravel/framework/src/Illuminate/Foundation/Application.php(1220): Illuminate\\Foundation\\Http\\Kernel->handle(Object(Illuminate\\Http\\Request))
#32 /var/www/backend/public/index.php(10): Illuminate\\Foundation\\Application->handleRequest(Object(Illuminate\\Http\\Request))
#33 /var/www/backend/vendor/laravel/framework/src/Illuminate/Foundation/resources/server.php(23): require_once('/var/www/backen...')
#34 {main}
"} 
[2026-10-10 11:56:27] local.ERROR: Command "tinker" is not defined. {"exception":"[object] (Symfony\\Component\\Console\\Exception\\CommandNotFoundException(code: 0): Command \"tinker\" is not defined. at /var/www/backend/vendor/symfony/console/Application.php:759)
[stacktrace]
#0 /var/www/backend/vendor/symfony/console/Application.php(298): Symfony\\Component\\Console\\Application->find('tinker')
#1 /var/www/backend/vendor/symfony/console/Application.php(195): Symfony\\Component\\Console\\Application->doRun(Object(Symfony\\Component\\Console\\Input\\ArgvInput), Object(Symfony\\Component\\Console\\Output\\ConsoleOutput))
#2 /var/www/backend/vendor/laravel/framework/src/Illuminate/Foundation/Console/Kernel.php(198): Symfony\\Component\\Console\\Application->run(Object(Symfony\\Component\\Console\\Input\\ArgvInput), Object(Symfony\\Component\\Console\\Output\\ConsoleOutput))
#3 /var/www/backend/vendor/laravel/framework/src/Illuminate/Foundation/Application.php(1235): Illuminate\\Foundation\\Console\\Kernel->handle(Object(Symfony\\Component\\Console\\Input\\ArgvInput), Object(Symfony\\Component\\Console\\Output\\ConsoleOutput))
#4 /var/www/backend/artisan(10): Illuminate\\Foundation\\Application->handleCommand(Object(Symfony\\Component\\Console\\Input\\ArgvInput))
#5 {main}
"} 
[2026-10-10 11:56:35] local.ERROR: SQLSTATE[42S02]: Base table or view not found: 1146 Table 'ofogh.cache' doesn't exist (Connection: mysql, SQL: select * from `cache` where `key` in (ofogh_cache_b7ad7f2b04bd98f199a2b8c016e37e66c831b866)) {"exception":"[object] (Illuminate\\Database\\QueryException(code: 42S02): SQLSTATE[42S02]: Base table or view not found: 1146 Table 'ofogh.cache' doesn't exist (Connection: mysql, SQL: select * from `cache` where `key` in (ofogh_cache_b7ad7f2b04bd98f199a2b8c016e37e66c831b866)) at /var/www/backend/vendor/laravel/framework/src/Illuminate/Database/Connection.php:825)
[stacktrace]
#0 /var/www/backend/vendor/laravel/framework/src/Illuminate/Database/Connection.php(779): Illuminate\\Database\\Connection->runQueryCallback('select * from `...', Array, Object(Closure))
#1 /var/www/backend/vendor/laravel/framework/src/Illuminate/Database/Connection.php(398): Illuminate\\Database\\Connection->run('select * from `...', Array, Object(Closure))
#2 /var/www/backend/vendor/laravel/framework/src/Illuminate/Database/Query/Builder.php(3106): Illuminate\\Database\\Connection->select('select * from `...', Array, true)
#3 /var/www/backend/vendor/laravel/framework/src/Illuminate/Database/Query/Builder.php(3091): Illuminate\\Database\\Query\\Builder->runSelect()
#4 /var/www/backend/vendor/laravel/framework/src/Illuminate/Database/Query/Builder.php(3676): Illuminate\\Database\\Query\\Builder->Illuminate\\Database\\Query\\{closure}()
#5 /var/www/backend/vendor/laravel/framework/src/Illuminate/Database/Query/Builder.php(3090): Illuminate\\Database\\Query\\Builder->onceWithColumns(Array, Object(Closure))
#6 /var/www/backend/vendor/laravel/framework/src/Illuminate/Cache/DatabaseStore.php(130): Illuminate\\Database\\Query\\Builder->get()
#7 /var/www/backend/vendor/laravel/framework/src/Illuminate/Cache/DatabaseStore.php(105): Illuminate\\Cache\\DatabaseStore->many(Array)
#8 /var/www/backend/vendor/laravel/framework/src/Illuminate/Cache/Repository.php(117): Illuminate\\Cache\\DatabaseStore->get('b7ad7f2b04bd98f...')
#9 /var/www/backend/vendor/laravel/framework/src/Illuminate/Cache/RateLimiter.php(207): Illuminate\\Cache\\Repository->get('b7ad7f2b04bd98f...', 0)
#10 /var/www/backend/vendor/laravel/framework/src/Illuminate/Cache/RateLimiter.php(301): Illuminate\\Cache\\RateLimiter->Illuminate\\Cache\\{closure}()
#11 /var/www/backend/vendor/laravel/framework/src/Illuminate/Cache/RateLimiter.php(207): Illuminate\\Cache\\RateLimiter->withoutSerializationOrCompression(Object(Closure))
#12 /var/www/backend/vendor/laravel/framework/src/Illuminate/Cache/RateLimiter.php(130): Illuminate\\Cache\\RateLimiter->attempts('b7ad7f2b04bd98f...')
#13 /var/www/backend/vendor/laravel/framework/src/Illuminate/Routing/Middleware/ThrottleRequests.php(154): Illuminate\\Cache\\RateLimiter->tooManyAttempts('b7ad7f2b04bd98f...', 5)
#14 /var/www/backend/vendor/laravel/framework/src/Illuminate/Routing/Middleware/ThrottleRequests.php(92): Illuminate\\Routing\\Middleware\\ThrottleRequests->handleRequest(Object(Illuminate\\Http\\Request), Object(Closure), Array)
#15 /var/www/backend/vendor/laravel/framework/src/Illuminate/Pipeline/Pipeline.php(209): Illuminate\\Routing\\Middleware\\ThrottleRequests->handle(Object(Illuminate\\Http\\Request), Object(Closure), '5', '1')
#16 /var/www/backend/vendor/laravel/framework/src/Illuminate/Pipeline/Pipeline.php(127): Illuminate\\Pipeline\\Pipeline->Illuminate\\Pipeline\\{closure}(Object(Illuminate\\Http\\Request))
#17 /var/www/backend/vendor/laravel/framework/src/Illuminate/Routing/Router.php(807): Illuminate\\Pipeline\\Pipeline->then(Object(Closure))
#18 /var/www/backend/vendor/laravel/framework/src/Illuminate/Routing/Router.php(786): Illuminate\\Routing\\Router->runRouteWithinStack(Object(Illuminate\\Routing\\Route), Object(Illuminate\\Http\\Request))
#19 /var/www/backend/vendor/laravel/framework/src/Illuminate/Routing/Router.php(750): Illuminate\\Routing\\Router->runRoute(Object(Illuminate\\Http\\Request), Object(Illuminate\\Routing\\Route))
#20 /var/www/backend/vendor/laravel/framework/src/Illuminate/Routing/Router.php(739): Illuminate\\Routing\\Router->dispatchToRoute(Object(Illuminate\\Http\\Request))
#21 /var/www/backend/vendor/laravel/framework/src/Illuminate/Foundation/Http/Kernel.php(201): Illuminate\\Routing\\Router->dispatch(Object(Illuminate\\Http\\Request))
#22 /var/www/backend/vendor/laravel/framework/src/Illuminate/Pipeline/Pipeline.php(170): Illuminate\\Foundation\\Http\\Kernel->Illuminate\\Foundation\\Http\\{closure}(Object(Illuminate\\Http\\Request))
#23 /var/www/backend/vendor/laravel/framework/src/Illuminate/Foundation/Http/Middleware/TransformsRequest.php(21): Illuminate\\Pipeline\\Pipeline->Illuminate\\Pipeline\\{closure}(Object(Illuminate\\Http\\Request))
#24 /var/www/backend/vendor/laravel/framework/src/Illuminate/Foundation/Http/Middleware/ConvertEmptyStringsToNull.php(31): Illuminate\\Foundation\\Http\\Middleware\\TransformsRequest->handle(Object(Illuminate\\Http\\Request), Object(Closure))
#25 /var/www/backend/vendor/laravel/framework/src/Illuminate/Pipeline/Pipeline.php(209): Illuminate\\Foundation\\Http\\Middleware\\ConvertEmptyStringsToNull->handle(Object(Illuminate\\Http\\Request), Object(Closure))
#26 /var/www/backend/vendor/laravel/framework/src/Illuminate/Foundation/Http/Middleware/TransformsRequest.php(21): Illuminate\\Pipeline\\Pipeline->Illuminate\\Pipeline\\{closure}(Object(Illuminate\\Http\\Request))
#27 /var/www/backend/vendor/laravel/framework/src/Illuminate/Foundation/Http/Middleware/TrimStrings.php(51): Illuminate\\Foundation\\Http\\Middleware\\TransformsRequest->handle(Object(Illuminate\\Http\\Request), Object(Closure))
#28 /var/www/backend/vendor/laravel/framework/src/Illuminate/Pipeline/Pipeline.php(209): Illuminate\\Foundation\\Http\\Middleware\\TrimStrings->handle(Object(Illuminate\\Http\\Request), Object(Closure))
#29 /var/www/backend/vendor/laravel/framework/src/Illuminate/Http/Middleware/ValidatePostSize.php(27): Illuminate\\Pipeline\\Pipeline->Illuminate\\Pipeline\\{closure}(Object(Illuminate\\Http\\Request))
#30 /var/www/backend/vendor/laravel/framework/src/Illuminate/Pipeline/Pipeline.php(209): Illuminate\\Http\\Middleware\\ValidatePostSize->handle(Object(Illuminate\\Http\\Request), Object(Closure))
#31 /var/www/backend/vendor/laravel/framework/src/Illuminate/Foundation/Http/Middleware/PreventRequestsDuringMaintenance.php(110): Illuminate\\Pipeline\\Pipeline->Illuminate\\Pipeline\\{closure}(Object(Illuminate\\Http\\Request))
#32 /var/www/backend/vendor/laravel/framework/src/Illuminate/Pipeline/Pipeline.php(209): Illuminate\\Foundation\\Http\\Middleware\\PreventRequestsDuringMaintenance->handle(Object(Illuminate\\Http\\Request), Object(Closure))
#33 /var/www/backend/vendor/laravel/framework/src/Illuminate/Http/Middleware/HandleCors.php(62): Illuminate\\Pipeline\\Pipeline->Illuminate\\Pipeline\\{closure}(Object(Illuminate\\Http\\Request))
#34 /var/www/backend/vendor/laravel/framework/src/Illuminate/Pipeline/Pipeline.php(209): Illuminate\\Http\\Middleware\\HandleCors->handle(Object(Illuminate\\Http\\Request), Object(Closure))
#35 /var/www/backend/vendor/laravel/framework/src/Illuminate/Http/Middleware/TrustProxies.php(58): Illuminate\\Pipeline\\Pipeline->Illuminate\\Pipeline\\{closure}(Object(Illuminate\\Http\\Request))
#36 /var/www/backend/vendor/laravel/framework/src/Illuminate/Pipeline/Pipeline.php(209): Illuminate\\Http\\Middleware\\TrustProxies->handle(Object(Illuminate\\Http\\Request), Object(Closure))
#37 /var/www/backend/vendor/laravel/framework/src/Illuminate/Foundation/Http/Middleware/InvokeDeferredCallbacks.php(22): Illuminate\\Pipeline\\Pipeline->Illuminate\\Pipeline\\{closure}(Object(Illuminate\\Http\\Request))
#38 /var/www/backend/vendor/laravel/framework/src/Illuminate/Pipeline/Pipeline.php(209): Illuminate\\Foundation\\Http\\Middleware\\InvokeDeferredCallbacks->handle(Object(Illuminate\\Http\\Request), Object(Closure))
#39 /var/www/backend/vendor/laravel/framework/src/Illuminate/Pipeline/Pipeline.php(127): Illuminate\\Pipeline\\Pipeline->Illuminate\\Pipeline\\{closure}(Object(Illuminate\\Http\\Request))
#40 /var/www/backend/vendor/laravel/framework/src/Illuminate/Foundation/Http/Kernel.php(176): Illuminate\\Pipeline\\Pipeline->then(Object(Closure))
#41 /var/www/backend/vendor/laravel/framework/src/Illuminate/Foundation/Http/Kernel.php(145): Illuminate\\Foundation\\Http\\Kernel->sendRequestThroughRouter(Object(Illuminate\\Http\\Request))
#42 /var/www/backend/vendor/laravel/framework/src/Illuminate/Foundation/Application.php(1220): Illuminate\\Foundation\\Http\\Kernel->handle(Object(Illuminate\\Http\\Request))
#43 /var/www/backend/public/index.php(10): Illuminate\\Foundation\\Application->handleRequest(Object(Illuminate\\Http\\Request))
#44 /var/www/backend/vendor/laravel/framework/src/Illuminate/Foundation/resources/server.php(23): require_once('/var/www/backen...')
#45 {main}

[previous exception] [object] (PDOException(code: 42S02): SQLSTATE[42S02]: Base table or view not found: 1146 Table 'ofogh.cache' doesn't exist at /var/www/backend/vendor/laravel/framework/src/Illuminate/Database/Connection.php:407)
[stacktrace]
#0 /var/www/backend/vendor/laravel/framework/src/Illuminate/Database/Connection.php(407): PDO->prepare('select * from `...')
#1 /var/www/backend/vendor/laravel/framework/src/Illuminate/Database/Connection.php(812): Illuminate\\Database\\Connection->Illuminate\\Database\\{closure}('select * from `...', Array)
#2 /var/www/backend/vendor/laravel/framework/src/Illuminate/Database/Connection.php(779): Illuminate\\Database\\Connection->runQueryCallback('select * from `...', Array, Object(Closure))
#3 /var/www/backend/vendor/laravel/framework/src/Illuminate/Database/Connection.php(398): Illuminate\\Database\\Connection->run('select * from `...', Array, Object(Closure))
#4 /var/www/backend/vendor/laravel/framework/src/Illuminate/Database/Query/Builder.php(3106): Illuminate\\Database\\Connection->select('select * from `...', Array, true)
#5 /var/www/backend/vendor/laravel/framework/src/Illuminate/Database/Query/Builder.php(3091): Illuminate\\Database\\Query\\Builder->runSelect()
#6 /var/www/backend/vendor/laravel/framework/src/Illuminate/Database/Query/Builder.php(3676): Illuminate\\Database\\Query\\Builder->Illuminate\\Database\\Query\\{closure}()
#7 /var/www/backend/vendor/laravel/framework/src/Illuminate/Database/Query/Builder.php(3090): Illuminate\\Database\\Query\\Builder->onceWithColumns(Array, Object(Closure))
#8 /var/www/backend/vendor/laravel/framework/src/Illuminate/Cache/DatabaseStore.php(130): Illuminate\\Database\\Query\\Builder->get()
#9 /var/www/backend/vendor/laravel/framework/src/Illuminate/Cache/DatabaseStore.php(105): Illuminate\\Cache\\DatabaseStore->many(Array)
#10 /var/www/backend/vendor/laravel/framework/src/Illuminate/Cache/Repository.php(117): Illuminate\\Cache\\DatabaseStore->get('b7ad7f2b04bd98f...')
#11 /var/www/backend/vendor/laravel/framework/src/Illuminate/Cache/RateLimiter.php(207): Illuminate\\Cache\\Repository->get('b7ad7f2b04bd98f...', 0)
#12 /var/www/backend/vendor/laravel/framework/src/Illuminate/Cache/RateLimiter.php(301): Illuminate\\Cache\\RateLimiter->Illuminate\\Cache\\{closure}()
#13 /var/www/backend/vendor/laravel/framework/src/Illuminate/Cache/RateLimiter.php(207): Illuminate\\Cache\\RateLimiter->withoutSerializationOrCompression(Object(Closure))
#14 /var/www/backend/vendor/laravel/framework/src/Illuminate/Cache/RateLimiter.php(130): Illuminate\\Cache\\RateLimiter->attempts('b7ad7f2b04bd98f...')
#15 /var/www/backend/vendor/laravel/framework/src/Illuminate/Routing/Middleware/ThrottleRequests.php(154): Illuminate\\Cache\\RateLimiter->tooManyAttempts('b7ad7f2b04bd98f...', 5)
#16 /var/www/backend/vendor/laravel/framework/src/Illuminate/Routing/Middleware/ThrottleRequests.php(92): Illuminate\\Routing\\Middleware\\ThrottleRequests->handleRequest(Object(Illuminate\\Http\\Request), Object(Closure), Array)
#17 /var/www/backend/vendor/laravel/framework/src/Illuminate/Pipeline/Pipeline.php(209): Illuminate\\Routing\\Middleware\\ThrottleRequests->handle(Object(Illuminate\\Http\\Request), Object(Closure), '5', '1')
#18 /var/www/backend/vendor/laravel/framework/src/Illuminate/Pipeline/Pipeline.php(127): Illuminate\\Pipeline\\Pipeline->Illuminate\\Pipeline\\{closure}(Object(Illuminate\\Http\\Request))
#19 /var/www/backend/vendor/laravel/framework/src/Illuminate/Routing/Router.php(807): Illuminate\\Pipeline\\Pipeline->then(Object(Closure))
#20 /var/www/backend/vendor/laravel/framework/src/Illuminate/Routing/Router.php(786): Illuminate\\Routing\\Router->runRouteWithinStack(Object(Illuminate\\Routing\\Route), Object(Illuminate\\Http\\Request))
#21 /var/www/backend/vendor/laravel/framework/src/Illuminate/Routing/Router.php(750): Illuminate\\Routing\\Router->runRoute(Object(Illuminate\\Http\\Request), Object(Illuminate\\Routing\\Route))
#22 /var/www/backend/vendor/laravel/framework/src/Illuminate/Routing/Router.php(739): Illuminate\\Routing\\Router->dispatchToRoute(Object(Illuminate\\Http\\Request))
#23 /var/www/backend/vendor/laravel/framework/src/Illuminate/Foundation/Http/Kernel.php(201): Illuminate\\Routing\\Router->dispatch(Object(Illuminate\\Http\\Request))
#24 /var/www/backend/vendor/laravel/framework/src/Illuminate/Pipeline/Pipeline.php(170): Illuminate\\Foundation\\Http\\Kernel->Illuminate\\Foundation\\Http\\{closure}(Object(Illuminate\\Http\\Request))
#25 /var/www/backend/vendor/laravel/framework/src/Illuminate/Foundation/Http/Middleware/TransformsRequest.php(21): Illuminate\\Pipeline\\Pipeline->Illuminate\\Pipeline\\{closure}(Object(Illuminate\\Http\\Request))
#26 /var/www/backend/vendor/laravel/framework/src/Illuminate/Foundation/Http/Middleware/ConvertEmptyStringsToNull.php(31): Illuminate\\Foundation\\Http\\Middleware\\TransformsRequest->handle(Object(Illuminate\\Http\\Request), Object(Closure))
#27 /var/www/backend/vendor/laravel/framework/src/Illuminate/Pipeline/Pipeline.php(209): Illuminate\\Foundation\\Http\\Middleware\\ConvertEmptyStringsToNull->handle(Object(Illuminate\\Http\\Request), Object(Closure))
#28 /var/www/backend/vendor/laravel/framework/src/Illuminate/Foundation/Http/Middleware/TransformsRequest.php(21): Illuminate\\Pipeline\\Pipeline->Illuminate\\Pipeline\\{closure}(Object(Illuminate\\Http\\Request))
#29 /var/www/backend/vendor/laravel/framework/src/Illuminate/Foundation/Http/Middleware/TrimStrings.php(51): Illuminate\\Foundation\\Http\\Middleware\\TransformsRequest->handle(Object(Illuminate\\Http\\Request), Object(Closure))
#30 /var/www/backend/vendor/laravel/framework/src/Illuminate/Pipeline/Pipeline.php(209): Illuminate\\Foundation\\Http\\Middleware\\TrimStrings->handle(Object(Illuminate\\Http\\Request), Object(Closure))
#31 /var/www/backend/vendor/laravel/framework/src/Illuminate/Http/Middleware/ValidatePostSize.php(27): Illuminate\\Pipeline\\Pipeline->Illuminate\\Pipeline\\{closure}(Object(Illuminate\\Http\\Request))
#32 /var/www/backend/vendor/laravel/framework/src/Illuminate/Pipeline/Pipeline.php(209): Illuminate\\Http\\Middleware\\ValidatePostSize->handle(Object(Illuminate\\Http\\Request), Object(Closure))
#33 /var/www/backend/vendor/laravel/framework/src/Illuminate/Foundation/Http/Middleware/PreventRequestsDuringMaintenance.php(110): Illuminate\\Pipeline\\Pipeline->Illuminate\\Pipeline\\{closure}(Object(Illuminate\\Http\\Request))
#34 /var/www/backend/vendor/laravel/framework/src/Illuminate/Pipeline/Pipeline.php(209): Illuminate\\Foundation\\Http\\Middleware\\PreventRequestsDuringMaintenance->handle(Object(Illuminate\\Http\\Request), Object(Closure))
#35 /var/www/backend/vendor/laravel/framework/src/Illuminate/Http/Middleware/HandleCors.php(62): Illuminate\\Pipeline\\Pipeline->Illuminate\\Pipeline\\{closure}(Object(Illuminate\\Http\\Request))
#36 /var/www/backend/vendor/laravel/framework/src/Illuminate/Pipeline/Pipeline.php(209): Illuminate\\Http\\Middleware\\HandleCors->handle(Object(Illuminate\\Http\\Request), Object(Closure))
#37 /var/www/backend/vendor/laravel/framework/src/Illuminate/Http/Middleware/TrustProxies.php(58): Illuminate\\Pipeline\\Pipeline->Illuminate\\Pipeline\\{closure}(Object(Illuminate\\Http\\Request))
#38 /var/www/backend/vendor/laravel/framework/src/Illuminate/Pipeline/Pipeline.php(209): Illuminate\\Http\\Middleware\\TrustProxies->handle(Object(Illuminate\\Http\\Request), Object(Closure))
#39 /var/www/backend/vendor/laravel/framework/src/Illuminate/Foundation/Http/Middleware/InvokeDeferredCallbacks.php(22): Illuminate\\Pipeline\\Pipeline->Illuminate\\Pipeline\\{closure}(Object(Illuminate\\Http\\Request))
#40 /var/www/backend/vendor/laravel/framework/src/Illuminate/Pipeline/Pipeline.php(209): Illuminate\\Foundation\\Http\\Middleware\\InvokeDeferredCallbacks->handle(Object(Illuminate\\Http\\Request), Object(Closure))
#41 /var/www/backend/vendor/laravel/framework/src/Illuminate/Pipeline/Pipeline.php(127): Illuminate\\Pipeline\\Pipeline->Illuminate\\Pipeline\\{closure}(Object(Illuminate\\Http\\Request))
#42 /var/www/backend/vendor/laravel/framework/src/Illuminate/Foundation/Http/Kernel.php(176): Illuminate\\Pipeline\\Pipeline->then(Object(Closure))
#43 /var/www/backend/vendor/laravel/framework/src/Illuminate/Foundation/Http/Kernel.php(145): Illuminate\\Foundation\\Http\\Kernel->sendRequestThroughRouter(Object(Illuminate\\Http\\Request))
#44 /var/www/backend/vendor/laravel/framework/src/Illuminate/Foundation/Application.php(1220): Illuminate\\Foundation\\Http\\Kernel->handle(Object(Illuminate\\Http\\Request))
#45 /var/www/backend/public/index.php(10): Illuminate\\Foundation\\Application->handleRequest(Object(Illuminate\\Http\\Request))
#46 /var/www/backend/vendor/laravel/framework/src/Illuminate/Foundation/resources/server.php(23): require_once('/var/www/backen...')
#47 {main}
"} 
[2026-10-10 11:56:35] local.ERROR: SQLSTATE[42S02]: Base table or view not found: 1146 Table 'ofogh.cache' doesn't exist (Connection: mysql, SQL: select * from `cache` where `key` in (ofogh_cache_b7ad7f2b04bd98f199a2b8c016e37e66c831b866)) {"exception":"[object] (Illuminate\\Database\\QueryException(code: 42S02): SQLSTATE[42S02]: Base table or view not found: 1146 Table 'ofogh.cache' doesn't exist (Connection: mysql, SQL: select * from `cache` where `key` in (ofogh_cache_b7ad7f2b04bd98f199a2b8c016e37e66c831b866)) at /var/www/backend/vendor/laravel/framework/src/Illuminate/Database/Connection.php:825)
[stacktrace]
#0 /var/www/backend/vendor/laravel/framework/src/Illuminate/Database/Connection.php(779): Illuminate\\Database\\Connection->runQueryCallback('select * from `...', Array, Object(Closure))
#1 /var/www/backend/vendor/laravel/framework/src/Illuminate/Database/Connection.php(398): Illuminate\\Database\\Connection->run('select * from `...', Array, Object(Closure))
#2 /var/www/backend/vendor/laravel/framework/src/Illuminate/Database/Query/Builder.php(3106): Illuminate\\Database\\Connection->select('select * from `...', Array, true)
#3 /var/www/backend/vendor/laravel/framework/src/Illuminate/Database/Query/Builder.php(3091): Illuminate\\Database\\Query\\Builder->runSelect()
#4 /var/www/backend/vendor/laravel/framework/src/Illuminate/Database/Query/Builder.php(3676): Illuminate\\Database\\Query\\Builder->Illuminate\\Database\\Query\\{closure}()
#5 /var/www/backend/vendor/laravel/framework/src/Illuminate/Database/Query/Builder.php(3090): Illuminate\\Database\\Query\\Builder->onceWithColumns(Array, Object(Closure))
#6 /var/www/backend/vendor/laravel/framework/src/Illuminate/Cache/DatabaseStore.php(130): Illuminate\\Database\\Query\\Builder->get()
#7 /var/www/backend/vendor/laravel/framework/src/Illuminate/Cache/DatabaseStore.php(105): Illuminate\\Cache\\DatabaseStore->many(Array)
#8 /var/www/backend/vendor/laravel/framework/src/Illuminate/Cache/Repository.php(117): Illuminate\\Cache\\DatabaseStore->get('b7ad7f2b04bd98f...')
#9 /var/www/backend/vendor/laravel/framework/src/Illuminate/Cache/RateLimiter.php(207): Illuminate\\Cache\\Repository->get('b7ad7f2b04bd98f...', 0)
#10 /var/www/backend/vendor/laravel/framework/src/Illuminate/Cache/RateLimiter.php(301): Illuminate\\Cache\\RateLimiter->Illuminate\\Cache\\{closure}()
#11 /var/www/backend/vendor/laravel/framework/src/Illuminate/Cache/RateLimiter.php(207): Illuminate\\Cache\\RateLimiter->withoutSerializationOrCompression(Object(Closure))
#12 /var/www/backend/vendor/laravel/framework/src/Illuminate/Cache/RateLimiter.php(130): Illuminate\\Cache\\RateLimiter->attempts('b7ad7f2b04bd98f...')
#13 /var/www/backend/vendor/laravel/framework/src/Illuminate/Routing/Middleware/ThrottleRequests.php(154): Illuminate\\Cache\\RateLimiter->tooManyAttempts('b7ad7f2b04bd98f...', 5)
#14 /var/www/backend/vendor/laravel/framework/src/Illuminate/Routing/Middleware/ThrottleRequests.php(92): Illuminate\\Routing\\Middleware\\ThrottleRequests->handleRequest(Object(Illuminate\\Http\\Request), Object(Closure), Array)
#15 /var/www/backend/vendor/laravel/framework/src/Illuminate/Pipeline/Pipeline.php(209): Illuminate\\Routing\\Middleware\\ThrottleRequests->handle(Object(Illuminate\\Http\\Request), Object(Closure), '5', '1')
#16 /var/www/backend/vendor/laravel/framework/src/Illuminate/Pipeline/Pipeline.php(127): Illuminate\\Pipeline\\Pipeline->Illuminate\\Pipeline\\{closure}(Object(Illuminate\\Http\\Request))
#17 /var/www/backend/vendor/laravel/framework/src/Illuminate/Routing/Router.php(807): Illuminate\\Pipeline\\Pipeline->then(Object(Closure))
#18 /var/www/backend/vendor/laravel/framework/src/Illuminate/Routing/Router.php(786): Illuminate\\Routing\\Router->runRouteWithinStack(Object(Illuminate\\Routing\\Route), Object(Illuminate\\Http\\Request))
#19 /var/www/backend/vendor/laravel/framework/src/Illuminate/Routing/Router.php(750): Illuminate\\Routing\\Router->runRoute(Object(Illuminate\\Http\\Request), Object(Illuminate\\Routing\\Route))
#20 /var/www/backend/vendor/laravel/framework/src/Illuminate/Routing/Router.php(739): Illuminate\\Routing\\Router->dispatchToRoute(Object(Illuminate\\Http\\Request))
#21 /var/www/backend/vendor/laravel/framework/src/Illuminate/Foundation/Http/Kernel.php(201): Illuminate\\Routing\\Router->dispatch(Object(Illuminate\\Http\\Request))
#22 /var/www/backend/vendor/laravel/framework/src/Illuminate/Pipeline/Pipeline.php(170): Illuminate\\Foundation\\Http\\Kernel->Illuminate\\Foundation\\Http\\{closure}(Object(Illuminate\\Http\\Request))
#23 /var/www/backend/vendor/laravel/framework/src/Illuminate/Foundation/Http/Middleware/TransformsRequest.php(21): Illuminate\\Pipeline\\Pipeline->Illuminate\\Pipeline\\{closure}(Object(Illuminate\\Http\\Request))
#24 /var/www/backend/vendor/laravel/framework/src/Illuminate/Foundation/Http/Middleware/ConvertEmptyStringsToNull.php(31): Illuminate\\Foundation\\Http\\Middleware\\TransformsRequest->handle(Object(Illuminate\\Http\\Request), Object(Closure))
#25 /var/www/backend/vendor/laravel/framework/src/Illuminate/Pipeline/Pipeline.php(209): Illuminate\\Foundation\\Http\\Middleware\\ConvertEmptyStringsToNull->handle(Object(Illuminate\\Http\\Request), Object(Closure))
#26 /var/www/backend/vendor/laravel/framework/src/Illuminate/Foundation/Http/Middleware/TransformsRequest.php(21): Illuminate\\Pipeline\\Pipeline->Illuminate\\Pipeline\\{closure}(Object(Illuminate\\Http\\Request))
#27 /var/www/backend/vendor/laravel/framework/src/Illuminate/Foundation/Http/Middleware/TrimStrings.php(51): Illuminate\\Foundation\\Http\\Middleware\\TransformsRequest->handle(Object(Illuminate\\Http\\Request), Object(Closure))
#28 /var/www/backend/vendor/laravel/framework/src/Illuminate/Pipeline/Pipeline.php(209): Illuminate\\Foundation\\Http\\Middleware\\TrimStrings->handle(Object(Illuminate\\Http\\Request), Object(Closure))
#29 /var/www/backend/vendor/laravel/framework/src/Illuminate/Http/Middleware/ValidatePostSize.php(27): Illuminate\\Pipeline\\Pipeline->Illuminate\\Pipeline\\{closure}(Object(Illuminate\\Http\\Request))
#30 /var/www/backend/vendor/laravel/framework/src/Illuminate/Pipeline/Pipeline.php(209): Illuminate\\Http\\Middleware\\ValidatePostSize->handle(Object(Illuminate\\Http\\Request), Object(Closure))
#31 /var/www/backend/vendor/laravel/framework/src/Illuminate/Foundation/Http/Middleware/PreventRequestsDuringMaintenance.php(110): Illuminate\\Pipeline\\Pipeline->Illuminate\\Pipeline\\{closure}(Object(Illuminate\\Http\\Request))
#32 /var/www/backend/vendor/laravel/framework/src/Illuminate/Pipeline/Pipeline.php(209): Illuminate\\Foundation\\Http\\Middleware\\PreventRequestsDuringMaintenance->handle(Object(Illuminate\\Http\\Request), Object(Closure))
#33 /var/www/backend/vendor/laravel/framework/src/Illuminate/Http/Middleware/HandleCors.php(62): Illuminate\\Pipeline\\Pipeline->Illuminate\\Pipeline\\{closure}(Object(Illuminate\\Http\\Request))
#34 /var/www/backend/vendor/laravel/framework/src/Illuminate/Pipeline/Pipeline.php(209): Illuminate\\Http\\Middleware\\HandleCors->handle(Object(Illuminate\\Http\\Request), Object(Closure))
#35 /var/www/backend/vendor/laravel/framework/src/Illuminate/Http/Middleware/TrustProxies.php(58): Illuminate\\Pipeline\\Pipeline->Illuminate\\Pipeline\\{closure}(Object(Illuminate\\Http\\Request))
#36 /var/www/backend/vendor/laravel/framework/src/Illuminate/Pipeline/Pipeline.php(209): Illuminate\\Http\\Middleware\\TrustProxies->handle(Object(Illuminate\\Http\\Request), Object(Closure))
#37 /var/www/backend/vendor/laravel/framework/src/Illuminate/Foundation/Http/Middleware/InvokeDeferredCallbacks.php(22): Illuminate\\Pipeline\\Pipeline->Illuminate\\Pipeline\\{closure}(Object(Illuminate\\Http\\Request))
#38 /var/www/backend/vendor/laravel/framework/src/Illuminate/Pipeline/Pipeline.php(209): Illuminate\\Foundation\\Http\\Middleware\\InvokeDeferredCallbacks->handle(Object(Illuminate\\Http\\Request), Object(Closure))
#39 /var/www/backend/vendor/laravel/framework/src/Illuminate/Pipeline/Pipeline.php(127): Illuminate\\Pipeline\\Pipeline->Illuminate\\Pipeline\\{closure}(Object(Illuminate\\Http\\Request))
#40 /var/www/backend/vendor/laravel/framework/src/Illuminate/Foundation/Http/Kernel.php(176): Illuminate\\Pipeline\\Pipeline->then(Object(Closure))
#41 /var/www/backend/vendor/laravel/framework/src/Illuminate/Foundation/Http/Kernel.php(145): Illuminate\\Foundation\\Http\\Kernel->sendRequestThroughRouter(Object(Illuminate\\Http\\Request))
#42 /var/www/backend/vendor/laravel/framework/src/Illuminate/Foundation/Application.php(1220): Illuminate\\Foundation\\Http\\Kernel->handle(Object(Illuminate\\Http\\Request))
#43 /var/www/backend/public/index.php(10): Illuminate\\Foundation\\Application->handleRequest(Object(Illuminate\\Http\\Request))
#44 /var/www/backend/vendor/laravel/framework/src/Illuminate/Foundation/resources/server.php(23): require_once('/var/www/backen...')
#45 {main}

[previous exception] [object] (PDOException(code: 42S02): SQLSTATE[42S02]: Base table or view not found: 1146 Table 'ofogh.cache' doesn't exist at /var/www/backend/vendor/laravel/framework/src/Illuminate/Database/Connection.php:407)
[stacktrace]
#0 /var/www/backend/vendor/laravel/framework/src/Illuminate/Database/Connection.php(407): PDO->prepare('select * from `...')
#1 /var/www/backend/vendor/laravel/framework/src/Illuminate/Database/Connection.php(812): Illuminate\\Database\\Connection->Illuminate\\Database\\{closure}('select * from `...', Array)
#2 /var/www/backend/vendor/laravel/framework/src/Illuminate/Database/Connection.php(779): Illuminate\\Database\\Connection->runQueryCallback('select * from `...', Array, Object(Closure))
#3 /var/www/backend/vendor/laravel/framework/src/Illuminate/Database/Connection.php(398): Illuminate\\Database\\Connection->run('select * from `...', Array, Object(Closure))
#4 /var/www/backend/vendor/laravel/framework/src/Illuminate/Database/Query/Builder.php(3106): Illuminate\\Database\\Connection->select('select * from `...', Array, true)
#5 /var/www/backend/vendor/laravel/framework/src/Illuminate/Database/Query/Builder.php(3091): Illuminate\\Database\\Query\\Builder->runSelect()
#6 /var/www/backend/vendor/laravel/framework/src/Illuminate/Database/Query/Builder.php(3676): Illuminate\\Database\\Query\\Builder->Illuminate\\Database\\Query\\{closure}()
#7 /var/www/backend/vendor/laravel/framework/src/Illuminate/Database/Query/Builder.php(3090): Illuminate\\Database\\Query\\Builder->onceWithColumns(Array, Object(Closure))
#8 /var/www/backend/vendor/laravel/framework/src/Illuminate/Cache/DatabaseStore.php(130): Illuminate\\Database\\Query\\Builder->get()
#9 /var/www/backend/vendor/laravel/framework/src/Illuminate/Cache/DatabaseStore.php(105): Illuminate\\Cache\\DatabaseStore->many(Array)
#10 /var/www/backend/vendor/laravel/framework/src/Illuminate/Cache/Repository.php(117): Illuminate\\Cache\\DatabaseStore->get('b7ad7f2b04bd98f...')
#11 /var/www/backend/vendor/laravel/framework/src/Illuminate/Cache/RateLimiter.php(207): Illuminate\\Cache\\Repository->get('b7ad7f2b04bd98f...', 0)
#12 /var/www/backend/vendor/laravel/framework/src/Illuminate/Cache/RateLimiter.php(301): Illuminate\\Cache\\RateLimiter->Illuminate\\Cache\\{closure}()
#13 /var/www/backend/vendor/laravel/framework/src/Illuminate/Cache/RateLimiter.php(207): Illuminate\\Cache\\RateLimiter->withoutSerializationOrCompression(Object(Closure))
#14 /var/www/backend/vendor/laravel/framework/src/Illuminate/Cache/RateLimiter.php(130): Illuminate\\Cache\\RateLimiter->attempts('b7ad7f2b04bd98f...')
#15 /var/www/backend/vendor/laravel/framework/src/Illuminate/Routing/Middleware/ThrottleRequests.php(154): Illuminate\\Cache\\RateLimiter->tooManyAttempts('b7ad7f2b04bd98f...', 5)
#16 /var/www/backend/vendor/laravel/framework/src/Illuminate/Routing/Middleware/ThrottleRequests.php(92): Illuminate\\Routing\\Middleware\\ThrottleRequests->handleRequest(Object(Illuminate\\Http\\Request), Object(Closure), Array)
#17 /var/www/backend/vendor/laravel/framework/src/Illuminate/Pipeline/Pipeline.php(209): Illuminate\\Routing\\Middleware\\ThrottleRequests->handle(Object(Illuminate\\Http\\Request), Object(Closure), '5', '1')
#18 /var/www/backend/vendor/laravel/framework/src/Illuminate/Pipeline/Pipeline.php(127): Illuminate\\Pipeline\\Pipeline->Illuminate\\Pipeline\\{closure}(Object(Illuminate\\Http\\Request))
#19 /var/www/backend/vendor/laravel/framework/src/Illuminate/Routing/Router.php(807): Illuminate\\Pipeline\\Pipeline->then(Object(Closure))
#20 /var/www/backend/vendor/laravel/framework/src/Illuminate/Routing/Router.php(786): Illuminate\\Routing\\Router->runRouteWithinStack(Object(Illuminate\\Routing\\Route), Object(Illuminate\\Http\\Request))
#21 /var/www/backend/vendor/laravel/framework/src/Illuminate/Routing/Router.php(750): Illuminate\\Routing\\Router->runRoute(Object(Illuminate\\Http\\Request), Object(Illuminate\\Routing\\Route))
#22 /var/www/backend/vendor/laravel/framework/src/Illuminate/Routing/Router.php(739): Illuminate\\Routing\\Router->dispatchToRoute(Object(Illuminate\\Http\\Request))
#23 /var/www/backend/vendor/laravel/framework/src/Illuminate/Foundation/Http/Kernel.php(201): Illuminate\\Routing\\Router->dispatch(Object(Illuminate\\Http\\Request))
#24 /var/www/backend/vendor/laravel/framework/src/Illuminate/Pipeline/Pipeline.php(170): Illuminate\\Foundation\\Http\\Kernel->Illuminate\\Foundation\\Http\\{closure}(Object(Illuminate\\Http\\Request))
#25 /var/www/backend/vendor/laravel/framework/src/Illuminate/Foundation/Http/Middleware/TransformsRequest.php(21): Illuminate\\Pipeline\\Pipeline->Illuminate\\Pipeline\\{closure}(Object(Illuminate\\Http\\Request))
#26 /var/www/backend/vendor/laravel/framework/src/Illuminate/Foundation/Http/Middleware/ConvertEmptyStringsToNull.php(31): Illuminate\\Foundation\\Http\\Middleware\\TransformsRequest->handle(Object(Illuminate\\Http\\Request), Object(Closure))
#27 /var/www/backend/vendor/laravel/framework/src/Illuminate/Pipeline/Pipeline.php(209): Illuminate\\Foundation\\Http\\Middleware\\ConvertEmptyStringsToNull->handle(Object(Illuminate\\Http\\Request), Object(Closure))
#28 /var/www/backend/vendor/laravel/framework/src/Illuminate/Foundation/Http/Middleware/TransformsRequest.php(21): Illuminate\\Pipeline\\Pipeline->Illuminate\\Pipeline\\{closure}(Object(Illuminate\\Http\\Request))
#29 /var/www/backend/vendor/laravel/framework/src/Illuminate/Foundation/Http/Middleware/TrimStrings.php(51): Illuminate\\Foundation\\Http\\Middleware\\TransformsRequest->handle(Object(Illuminate\\Http\\Request), Object(Closure))
#30 /var/www/backend/vendor/laravel/framework/src/Illuminate/Pipeline/Pipeline.php(209): Illuminate\\Foundation\\Http\\Middleware\\TrimStrings->handle(Object(Illuminate\\Http\\Request), Object(Closure))
#31 /var/www/backend/vendor/laravel/framework/src/Illuminate/Http/Middleware/ValidatePostSize.php(27): Illuminate\\Pipeline\\Pipeline->Illuminate\\Pipeline\\{closure}(Object(Illuminate\\Http\\Request))
#32 /var/www/backend/vendor/laravel/framework/src/Illuminate/Pipeline/Pipeline.php(209): Illuminate\\Http\\Middleware\\ValidatePostSize->handle(Object(Illuminate\\Http\\Request), Object(Closure))
#33 /var/www/backend/vendor/laravel/framework/src/Illuminate/Foundation/Http/Middleware/PreventRequestsDuringMaintenance.php(110): Illuminate\\Pipeline\\Pipeline->Illuminate\\Pipeline\\{closure}(Object(Illuminate\\Http\\Request))
#34 /var/www/backend/vendor/laravel/framework/src/Illuminate/Pipeline/Pipeline.php(209): Illuminate\\Foundation\\Http\\Middleware\\PreventRequestsDuringMaintenance->handle(Object(Illuminate\\Http\\Request), Object(Closure))
#35 /var/www/backend/vendor/laravel/framework/src/Illuminate/Http/Middleware/HandleCors.php(62): Illuminate\\Pipeline\\Pipeline->Illuminate\\Pipeline\\{closure}(Object(Illuminate\\Http\\Request))
#36 /var/www/backend/vendor/laravel/framework/src/Illuminate/Pipeline/Pipeline.php(209): Illuminate\\Http\\Middleware\\HandleCors->handle(Object(Illuminate\\Http\\Request), Object(Closure))
#37 /var/www/backend/vendor/laravel/framework/src/Illuminate/Http/Middleware/TrustProxies.php(58): Illuminate\\Pipeline\\Pipeline->Illuminate\\Pipeline\\{closure}(Object(Illuminate\\Http\\Request))
#38 /var/www/backend/vendor/laravel/framework/src/Illuminate/Pipeline/Pipeline.php(209): Illuminate\\Http\\Middleware\\TrustProxies->handle(Object(Illuminate\\Http\\Request), Object(Closure))
#39 /var/www/backend/vendor/laravel/framework/src/Illuminate/Foundation/Http/Middleware/InvokeDeferredCallbacks.php(22): Illuminate\\Pipeline\\Pipeline->Illuminate\\Pipeline\\{closure}(Object(Illuminate\\Http\\Request))
#40 /var/www/backend/vendor/laravel/framework/src/Illuminate/Pipeline/Pipeline.php(209): Illuminate\\Foundation\\Http\\Middleware\\InvokeDeferredCallbacks->handle(Object(Illuminate\\Http\\Request), Object(Closure))
#41 /var/www/backend/vendor/laravel/framework/src/Illuminate/Pipeline/Pipeline.php(127): Illuminate\\Pipeline\\Pipeline->Illuminate\\Pipeline\\{closure}(Object(Illuminate\\Http\\Request))
#42 /var/www/backend/vendor/laravel/framework/src/Illuminate/Foundation/Http/Kernel.php(176): Illuminate\\Pipeline\\Pipeline->then(Object(Closure))
#43 /var/www/backend/vendor/laravel/framework/src/Illuminate/Foundation/Http/Kernel.php(145): Illuminate\\Foundation\\Http\\Kernel->sendRequestThroughRouter(Object(Illuminate\\Http\\Request))
#44 /var/www/backend/vendor/laravel/framework/src/Illuminate/Foundation/Application.php(1220): Illuminate\\Foundation\\Http\\Kernel->handle(Object(Illuminate\\Http\\Request))
#45 /var/www/backend/public/index.php(10): Illuminate\\Foundation\\Application->handleRequest(Object(Illuminate\\Http\\Request))
#46 /var/www/backend/vendor/laravel/framework/src/Illuminate/Foundation/resources/server.php(23): require_once('/var/www/backen...')
#47 {main}
"} 
[2026-10-10 11:56:35] local.ERROR: SQLSTATE[42S02]: Base table or view not found: 1146 Table 'ofogh.cache' doesn't exist (Connection: mysql, SQL: select * from `cache` where `key` in (ofogh_cache_b7ad7f2b04bd98f199a2b8c016e37e66c831b866)) {"exception":"[object] (Illuminate\\Database\\QueryException(code: 42S02): SQLSTATE[42S02]: Base table or view not found: 1146 Table 'ofogh.cache' doesn't exist (Connection: mysql, SQL: select * from `cache` where `key` in (ofogh_cache_b7ad7f2b04bd98f199a2b8c016e37e66c831b866)) at /var/www/backend/vendor/laravel/framework/src/Illuminate/Database/Connection.php:825)
[stacktrace]
#0 /var/www/backend/vendor/laravel/framework/src/Illuminate/Database/Connection.php(779): Illuminate\\Database\\Connection->runQueryCallback('select * from `...', Array, Object(Closure))
#1 /var/www/backend/vendor/laravel/framework/src/Illuminate/Database/Connection.php(398): Illuminate\\Database\\Connection->run('select * from `...', Array, Object(Closure))
#2 /var/www/backend/vendor/laravel/framework/src/Illuminate/Database/Query/Builder.php(3106): Illuminate\\Database\\Connection->select('select * from `...', Array, true)
#3 /var/www/backend/vendor/laravel/framework/src/Illuminate/Database/Query/Builder.php(3091): Illuminate\\Database\\Query\\Builder->runSelect()
#4 /var/www/backend/vendor/laravel/framework/src/Illuminate/Database/Query/Builder.php(3676): Illuminate\\Database\\Query\\Builder->Illuminate\\Database\\Query\\{closure}()
#5 /var/www/backend/vendor/laravel/framework/src/Illuminate/Database/Query/Builder.php(3090): Illuminate\\Database\\Query\\Builder->onceWithColumns(Array, Object(Closure))
#6 /var/www/backend/vendor/laravel/framework/src/Illuminate/Cache/DatabaseStore.php(130): Illuminate\\Database\\Query\\Builder->get()
#7 /var/www/backend/vendor/laravel/framework/src/Illuminate/Cache/DatabaseStore.php(105): Illuminate\\Cache\\DatabaseStore->many(Array)
#8 /var/www/backend/vendor/laravel/framework/src/Illuminate/Cache/Repository.php(117): Illuminate\\Cache\\DatabaseStore->get('b7ad7f2b04bd98f...')
#9 /var/www/backend/vendor/laravel/framework/src/Illuminate/Cache/RateLimiter.php(207): Illuminate\\Cache\\Repository->get('b7ad7f2b04bd98f...', 0)
#10 /var/www/backend/vendor/laravel/framework/src/Illuminate/Cache/RateLimiter.php(301): Illuminate\\Cache\\RateLimiter->Illuminate\\Cache\\{closure}()
#11 /var/www/backend/vendor/laravel/framework/src/Illuminate/Cache/RateLimiter.php(207): Illuminate\\Cache\\RateLimiter->withoutSerializationOrCompression(Object(Closure))
#12 /var/www/backend/vendor/laravel/framework/src/Illuminate/Cache/RateLimiter.php(130): Illuminate\\Cache\\RateLimiter->attempts('b7ad7f2b04bd98f...')
#13 /var/www/backend/vendor/laravel/framework/src/Illuminate/Routing/Middleware/ThrottleRequests.php(154): Illuminate\\Cache\\RateLimiter->tooManyAttempts('b7ad7f2b04bd98f...', 5)
#14 /var/www/backend/vendor/laravel/framework/src/Illuminate/Routing/Middleware/ThrottleRequests.php(92): Illuminate\\Routing\\Middleware\\ThrottleRequests->handleRequest(Object(Illuminate\\Http\\Request), Object(Closure), Array)
#15 /var/www/backend/vendor/laravel/framework/src/Illuminate/Pipeline/Pipeline.php(209): Illuminate\\Routing\\Middleware\\ThrottleRequests->handle(Object(Illuminate\\Http\\Request), Object(Closure), '5', '1')
#16 /var/www/backend/vendor/laravel/framework/src/Illuminate/Pipeline/Pipeline.php(127): Illuminate\\Pipeline\\Pipeline->Illuminate\\Pipeline\\{closure}(Object(Illuminate\\Http\\Request))
#17 /var/www/backend/vendor/laravel/framework/src/Illuminate/Routing/Router.php(807): Illuminate\\Pipeline\\Pipeline->then(Object(Closure))
#18 /var/www/backend/vendor/laravel/framework/src/Illuminate/Routing/Router.php(786): Illuminate\\Routing\\Router->runRouteWithinStack(Object(Illuminate\\Routing\\Route), Object(Illuminate\\Http\\Request))
#19 /var/www/backend/vendor/laravel/framework/src/Illuminate/Routing/Router.php(750): Illuminate\\Routing\\Router->runRoute(Object(Illuminate\\Http\\Request), Object(Illuminate\\Routing\\Route))
#20 /var/www/backend/vendor/laravel/framework/src/Illuminate/Routing/Router.php(739): Illuminate\\Routing\\Router->dispatchToRoute(Object(Illuminate\\Http\\Request))
#21 /var/www/backend/vendor/laravel/framework/src/Illuminate/Foundation/Http/Kernel.php(201): Illuminate\\Routing\\Router->dispatch(Object(Illuminate\\Http\\Request))
#22 /var/www/backend/vendor/laravel/framework/src/Illuminate/Pipeline/Pipeline.php(170): Illuminate\\Foundation\\Http\\Kernel->Illuminate\\Foundation\\Http\\{closure}(Object(Illuminate\\Http\\Request))
#23 /var/www/backend/vendor/laravel/framework/src/Illuminate/Foundation/Http/Middleware/TransformsRequest.php(21): Illuminate\\Pipeline\\Pipeline->Illuminate\\Pipeline\\{closure}(Object(Illuminate\\Http\\Request))
#24 /var/www/backend/vendor/laravel/framework/src/Illuminate/Foundation/Http/Middleware/ConvertEmptyStringsToNull.php(31): Illuminate\\Foundation\\Http\\Middleware\\TransformsRequest->handle(Object(Illuminate\\Http\\Request), Object(Closure))
#25 /var/www/backend/vendor/laravel/framework/src/Illuminate/Pipeline/Pipeline.php(209): Illuminate\\Foundation\\Http\\Middleware\\ConvertEmptyStringsToNull->handle(Object(Illuminate\\Http\\Request), Object(Closure))
#26 /var/www/backend/vendor/laravel/framework/src/Illuminate/Foundation/Http/Middleware/TransformsRequest.php(21): Illuminate\\Pipeline\\Pipeline->Illuminate\\Pipeline\\{closure}(Object(Illuminate\\Http\\Request))
#27 /var/www/backend/vendor/laravel/framework/src/Illuminate/Foundation/Http/Middleware/TrimStrings.php(51): Illuminate\\Foundation\\Http\\Middleware\\TransformsRequest->handle(Object(Illuminate\\Http\\Request), Object(Closure))
#28 /var/www/backend/vendor/laravel/framework/src/Illuminate/Pipeline/Pipeline.php(209): Illuminate\\Foundation\\Http\\Middleware\\TrimStrings->handle(Object(Illuminate\\Http\\Request), Object(Closure))
#29 /var/www/backend/vendor/laravel/framework/src/Illuminate/Http/Middleware/ValidatePostSize.php(27): Illuminate\\Pipeline\\Pipeline->Illuminate\\Pipeline\\{closure}(Object(Illuminate\\Http\\Request))
#30 /var/www/backend/vendor/laravel/framework/src/Illuminate/Pipeline/Pipeline.php(209): Illuminate\\Http\\Middleware\\ValidatePostSize->handle(Object(Illuminate\\Http\\Request), Object(Closure))
#31 /var/www/backend/vendor/laravel/framework/src/Illuminate/Foundation/Http/Middleware/PreventRequestsDuringMaintenance.php(110): Illuminate\\Pipeline\\Pipeline->Illuminate\\Pipeline\\{closure}(Object(Illuminate\\Http\\Request))
#32 /var/www/backend/vendor/laravel/framework/src/Illuminate/Pipeline/Pipeline.php(209): Illuminate\\Foundation\\Http\\Middleware\\PreventRequestsDuringMaintenance->handle(Object(Illuminate\\Http\\Request), Object(Closure))
#33 /var/www/backend/vendor/laravel/framework/src/Illuminate/Http/Middleware/HandleCors.php(62): Illuminate\\Pipeline\\Pipeline->Illuminate\\Pipeline\\{closure}(Object(Illuminate\\Http\\Request))
#34 /var/www/backend/vendor/laravel/framework/src/Illuminate/Pipeline/Pipeline.php(209): Illuminate\\Http\\Middleware\\HandleCors->handle(Object(Illuminate\\Http\\Request), Object(Closure))
#35 /var/www/backend/vendor/laravel/framework/src/Illuminate/Http/Middleware/TrustProxies.php(58): Illuminate\\Pipeline\\Pipeline->Illuminate\\Pipeline\\{closure}(Object(Illuminate\\Http\\Request))
#36 /var/www/backend/vendor/laravel/framework/src/Illuminate/Pipeline/Pipeline.php(209): Illuminate\\Http\\Middleware\\TrustProxies->handle(Object(Illuminate\\Http\\Request), Object(Closure))
#37 /var/www/backend/vendor/laravel/framework/src/Illuminate/Foundation/Http/Middleware/InvokeDeferredCallbacks.php(22): Illuminate\\Pipeline\\Pipeline->Illuminate\\Pipeline\\{closure}(Object(Illuminate\\Http\\Request))
#38 /var/www/backend/vendor/laravel/framework/src/Illuminate/Pipeline/Pipeline.php(209): Illuminate\\Foundation\\Http\\Middleware\\InvokeDeferredCallbacks->handle(Object(Illuminate\\Http\\Request), Object(Closure))
#39 /var/www/backend/vendor/laravel/framework/src/Illuminate/Pipeline/Pipeline.php(127): Illuminate\\Pipeline\\Pipeline->Illuminate\\Pipeline\\{closure}(Object(Illuminate\\Http\\Request))
#40 /var/www/backend/vendor/laravel/framework/src/Illuminate/Foundation/Http/Kernel.php(176): Illuminate\\Pipeline\\Pipeline->then(Object(Closure))
#41 /var/www/backend/vendor/laravel/framework/src/Illuminate/Foundation/Http/Kernel.php(145): Illuminate\\Foundation\\Http\\Kernel->sendRequestThroughRouter(Object(Illuminate\\Http\\Request))
#42 /var/www/backend/vendor/laravel/framework/src/Illuminate/Foundation/Application.php(1220): Illuminate\\Foundation\\Http\\Kernel->handle(Object(Illuminate\\Http\\Request))
#43 /var/www/backend/public/index.php(10): Illuminate\\Foundation\\Application->handleRequest(Object(Illuminate\\Http\\Request))
#44 /var/www/backend/vendor/laravel/framework/src/Illuminate/Foundation/resources/server.php(23): require_once('/var/www/backen...')
#45 {main}

[previous exception] [object] (PDOException(code: 42S02): SQLSTATE[42S02]: Base table or view not found: 1146 Table 'ofogh.cache' doesn't exist at /var/www/backend/vendor/laravel/framework/src/Illuminate/Database/Connection.php:407)
[stacktrace]
#0 /var/www/backend/vendor/laravel/framework/src/Illuminate/Database/Connection.php(407): PDO->prepare('select * from `...')
#1 /var/www/backend/vendor/laravel/framework/src/Illuminate/Database/Connection.php(812): Illuminate\\Database\\Connection->Illuminate\\Database\\{closure}('select * from `...', Array)
#2 /var/www/backend/vendor/laravel/framework/src/Illuminate/Database/Connection.php(779): Illuminate\\Database\\Connection->runQueryCallback('select * from `...', Array, Object(Closure))
#3 /var/www/backend/vendor/laravel/framework/src/Illuminate/Database/Connection.php(398): Illuminate\\Database\\Connection->run('select * from `...', Array, Object(Closure))
#4 /var/www/backend/vendor/laravel/framework/src/Illuminate/Database/Query/Builder.php(3106): Illuminate\\Database\\Connection->select('select * from `...', Array, true)
#5 /var/www/backend/vendor/laravel/framework/src/Illuminate/Database/Query/Builder.php(3091): Illuminate\\Database\\Query\\Builder->runSelect()
#6 /var/www/backend/vendor/laravel/framework/src/Illuminate/Database/Query/Builder.php(3676): Illuminate\\Database\\Query\\Builder->Illuminate\\Database\\Query\\{closure}()
#7 /var/www/backend/vendor/laravel/framework/src/Illuminate/Database/Query/Builder.php(3090): Illuminate\\Database\\Query\\Builder->onceWithColumns(Array, Object(Closure))
#8 /var/www/backend/vendor/laravel/framework/src/Illuminate/Cache/DatabaseStore.php(130): Illuminate\\Database\\Query\\Builder->get()
#9 /var/www/backend/vendor/laravel/framework/src/Illuminate/Cache/DatabaseStore.php(105): Illuminate\\Cache\\DatabaseStore->many(Array)
#10 /var/www/backend/vendor/laravel/framework/src/Illuminate/Cache/Repository.php(117): Illuminate\\Cache\\DatabaseStore->get('b7ad7f2b04bd98f...')
#11 /var/www/backend/vendor/laravel/framework/src/Illuminate/Cache/RateLimiter.php(207): Illuminate\\Cache\\Repository->get('b7ad7f2b04bd98f...', 0)
#12 /var/www/backend/vendor/laravel/framework/src/Illuminate/Cache/RateLimiter.php(301): Illuminate\\Cache\\RateLimiter->Illuminate\\Cache\\{closure}()
#13 /var/www/backend/vendor/laravel/framework/src/Illuminate/Cache/RateLimiter.php(207): Illuminate\\Cache\\RateLimiter->withoutSerializationOrCompression(Object(Closure))
#14 /var/www/backend/vendor/laravel/framework/src/Illuminate/Cache/RateLimiter.php(130): Illuminate\\Cache\\RateLimiter->attempts('b7ad7f2b04bd98f...')
#15 /var/www/backend/vendor/laravel/framework/src/Illuminate/Routing/Middleware/ThrottleRequests.php(154): Illuminate\\Cache\\RateLimiter->tooManyAttempts('b7ad7f2b04bd98f...', 5)
#16 /var/www/backend/vendor/laravel/framework/src/Illuminate/Routing/Middleware/ThrottleRequests.php(92): Illuminate\\Routing\\Middleware\\ThrottleRequests->handleRequest(Object(Illuminate\\Http\\Request), Object(Closure), Array)
#17 /var/www/backend/vendor/laravel/framework/src/Illuminate/Pipeline/Pipeline.php(209): Illuminate\\Routing\\Middleware\\ThrottleRequests->handle(Object(Illuminate\\Http\\Request), Object(Closure), '5', '1')
#18 /var/www/backend/vendor/laravel/framework/src/Illuminate/Pipeline/Pipeline.php(127): Illuminate\\Pipeline\\Pipeline->Illuminate\\Pipeline\\{closure}(Object(Illuminate\\Http\\Request))
#19 /var/www/backend/vendor/laravel/framework/src/Illuminate/Routing/Router.php(807): Illuminate\\Pipeline\\Pipeline->then(Object(Closure))
#20 /var/www/backend/vendor/laravel/framework/src/Illuminate/Routing/Router.php(786): Illuminate\\Routing\\Router->runRouteWithinStack(Object(Illuminate\\Routing\\Route), Object(Illuminate\\Http\\Request))
#21 /var/www/backend/vendor/laravel/framework/src/Illuminate/Routing/Router.php(750): Illuminate\\Routing\\Router->runRoute(Object(Illuminate\\Http\\Request), Object(Illuminate\\Routing\\Route))
#22 /var/www/backend/vendor/laravel/framework/src/Illuminate/Routing/Router.php(739): Illuminate\\Routing\\Router->dispatchToRoute(Object(Illuminate\\Http\\Request))
#23 /var/www/backend/vendor/laravel/framework/src/Illuminate/Foundation/Http/Kernel.php(201): Illuminate\\Routing\\Router->dispatch(Object(Illuminate\\Http\\Request))
#24 /var/www/backend/vendor/laravel/framework/src/Illuminate/Pipeline/Pipeline.php(170): Illuminate\\Foundation\\Http\\Kernel->Illuminate\\Foundation\\Http\\{closure}(Object(Illuminate\\Http\\Request))
#25 /var/www/backend/vendor/laravel/framework/src/Illuminate/Foundation/Http/Middleware/TransformsRequest.php(21): Illuminate\\Pipeline\\Pipeline->Illuminate\\Pipeline\\{closure}(Object(Illuminate\\Http\\Request))
#26 /var/www/backend/vendor/laravel/framework/src/Illuminate/Foundation/Http/Middleware/ConvertEmptyStringsToNull.php(31): Illuminate\\Foundation\\Http\\Middleware\\TransformsRequest->handle(Object(Illuminate\\Http\\Request), Object(Closure))
#27 /var/www/backend/vendor/laravel/framework/src/Illuminate/Pipeline/Pipeline.php(209): Illuminate\\Foundation\\Http\\Middleware\\ConvertEmptyStringsToNull->handle(Object(Illuminate\\Http\\Request), Object(Closure))
#28 /var/www/backend/vendor/laravel/framework/src/Illuminate/Foundation/Http/Middleware/TransformsRequest.php(21): Illuminate\\Pipeline\\Pipeline->Illuminate\\Pipeline\\{closure}(Object(Illuminate\\Http\\Request))
#29 /var/www/backend/vendor/laravel/framework/src/Illuminate/Foundation/Http/Middleware/TrimStrings.php(51): Illuminate\\Foundation\\Http\\Middleware\\TransformsRequest->handle(Object(Illuminate\\Http\\Request), Object(Closure))
#30 /var/www/backend/vendor/laravel/framework/src/Illuminate/Pipeline/Pipeline.php(209): Illuminate\\Foundation\\Http\\Middleware\\TrimStrings->handle(Object(Illuminate\\Http\\Request), Object(Closure))
#31 /var/www/backend/vendor/laravel/framework/src/Illuminate/Http/Middleware/ValidatePostSize.php(27): Illuminate\\Pipeline\\Pipeline->Illuminate\\Pipeline\\{closure}(Object(Illuminate\\Http\\Request))
#32 /var/www/backend/vendor/laravel/framework/src/Illuminate/Pipeline/Pipeline.php(209): Illuminate\\Http\\Middleware\\ValidatePostSize->handle(Object(Illuminate\\Http\\Request), Object(Closure))
#33 /var/www/backend/vendor/laravel/framework/src/Illuminate/Foundation/Http/Middleware/PreventRequestsDuringMaintenance.php(110): Illuminate\\Pipeline\\Pipeline->Illuminate\\Pipeline\\{closure}(Object(Illuminate\\Http\\Request))
#34 /var/www/backend/vendor/laravel/framework/src/Illuminate/Pipeline/Pipeline.php(209): Illuminate\\Foundation\\Http\\Middleware\\PreventRequestsDuringMaintenance->handle(Object(Illuminate\\Http\\Request), Object(Closure))
#35 /var/www/backend/vendor/laravel/framework/src/Illuminate/Http/Middleware/HandleCors.php(62): Illuminate\\Pipeline\\Pipeline->Illuminate\\Pipeline\\{closure}(Object(Illuminate\\Http\\Request))
#36 /var/www/backend/vendor/laravel/framework/src/Illuminate/Pipeline/Pipeline.php(209): Illuminate\\Http\\Middleware\\HandleCors->handle(Object(Illuminate\\Http\\Request), Object(Closure))
#37 /var/www/backend/vendor/laravel/framework/src/Illuminate/Http/Middleware/TrustProxies.php(58): Illuminate\\Pipeline\\Pipeline->Illuminate\\Pipeline\\{closure}(Object(Illuminate\\Http\\Request))
#38 /var/www/backend/vendor/laravel/framework/src/Illuminate/Pipeline/Pipeline.php(209): Illuminate\\Http\\Middleware\\TrustProxies->handle(Object(Illuminate\\Http\\Request), Object(Closure))
#39 /var/www/backend/vendor/laravel/framework/src/Illuminate/Foundation/Http/Middleware/InvokeDeferredCallbacks.php(22): Illuminate\\Pipeline\\Pipeline->Illuminate\\Pipeline\\{closure}(Object(Illuminate\\Http\\Request))
#40 /var/www/backend/vendor/laravel/framework/src/Illuminate/Pipeline/Pipeline.php(209): Illuminate\\Foundation\\Http\\Middleware\\InvokeDeferredCallbacks->handle(Object(Illuminate\\Http\\Request), Object(Closure))
#41 /var/www/backend/vendor/laravel/framework/src/Illuminate/Pipeline/Pipeline.php(127): Illuminate\\Pipeline\\Pipeline->Illuminate\\Pipeline\\{closure}(Object(Illuminate\\Http\\Request))
#42 /var/www/backend/vendor/laravel/framework/src/Illuminate/Foundation/Http/Kernel.php(176): Illuminate\\Pipeline\\Pipeline->then(Object(Closure))
#43 /var/www/backend/vendor/laravel/framework/src/Illuminate/Foundation/Http/Kernel.php(145): Illuminate\\Foundation\\Http\\Kernel->sendRequestThroughRouter(Object(Illuminate\\Http\\Request))
#44 /var/www/backend/vendor/laravel/framework/src/Illuminate/Foundation/Application.php(1220): Illuminate\\Foundation\\Http\\Kernel->handle(Object(Illuminate\\Http\\Request))
#45 /var/www/backend/public/index.php(10): Illuminate\\Foundation\\Application->handleRequest(Object(Illuminate\\Http\\Request))
#46 /var/www/backend/vendor/laravel/framework/src/Illuminate/Foundation/resources/server.php(23): require_once('/var/www/backen...')
#47 {main}
"} 
[2026-10-10 11:56:35] local.ERROR: SQLSTATE[42S02]: Base table or view not found: 1146 Table 'ofogh.cache' doesn't exist (Connection: mysql, SQL: select * from `cache` where `key` in (ofogh_cache_b7ad7f2b04bd98f199a2b8c016e37e66c831b866)) {"exception":"[object] (Illuminate\\Database\\QueryException(code: 42S02): SQLSTATE[42S02]: Base table or view not found: 1146 Table 'ofogh.cache' doesn't exist (Connection: mysql, SQL: select * from `cache` where `key` in (ofogh_cache_b7ad7f2b04bd98f199a2b8c016e37e66c831b866)) at /var/www/backend/vendor/laravel/framework/src/Illuminate/Database/Connection.php:825)
[stacktrace]
#0 /var/www/backend/vendor/laravel/framework/src/Illuminate/Database/Connection.php(779): Illuminate\\Database\\Connection->runQueryCallback('select * from `...', Array, Object(Closure))
#1 /var/www/backend/vendor/laravel/framework/src/Illuminate/Database/Connection.php(398): Illuminate\\Database\\Connection->run('select * from `...', Array, Object(Closure))
#2 /var/www/backend/vendor/laravel/framework/src/Illuminate/Database/Query/Builder.php(3106): Illuminate\\Database\\Connection->select('select * from `...', Array, true)
#3 /var/www/backend/vendor/laravel/framework/src/Illuminate/Database/Query/Builder.php(3091): Illuminate\\Database\\Query\\Builder->runSelect()
#4 /var/www/backend/vendor/laravel/framework/src/Illuminate/Database/Query/Builder.php(3676): Illuminate\\Database\\Query\\Builder->Illuminate\\Database\\Query\\{closure}()
#5 /var/www/backend/vendor/laravel/framework/src/Illuminate/Database/Query/Builder.php(3090): Illuminate\\Database\\Query\\Builder->onceWithColumns(Array, Object(Closure))
#6 /var/www/backend/vendor/laravel/framework/src/Illuminate/Cache/DatabaseStore.php(130): Illuminate\\Database\\Query\\Builder->get()
#7 /var/www/backend/vendor/laravel/framework/src/Illuminate/Cache/DatabaseStore.php(105): Illuminate\\Cache\\DatabaseStore->many(Array)
#8 /var/www/backend/vendor/laravel/framework/src/Illuminate/Cache/Repository.php(117): Illuminate\\Cache\\DatabaseStore->get('b7ad7f2b04bd98f...')
#9 /var/www/backend/vendor/laravel/framework/src/Illuminate/Cache/RateLimiter.php(207): Illuminate\\Cache\\Repository->get('b7ad7f2b04bd98f...', 0)
#10 /var/www/backend/vendor/laravel/framework/src/Illuminate/Cache/RateLimiter.php(301): Illuminate\\Cache\\RateLimiter->Illuminate\\Cache\\{closure}()
#11 /var/www/backend/vendor/laravel/framework/src/Illuminate/Cache/RateLimiter.php(207): Illuminate\\Cache\\RateLimiter->withoutSerializationOrCompression(Object(Closure))
#12 /var/www/backend/vendor/laravel/framework/src/Illuminate/Cache/RateLimiter.php(130): Illuminate\\Cache\\RateLimiter->attempts('b7ad7f2b04bd98f...')
#13 /var/www/backend/vendor/laravel/framework/src/Illuminate/Routing/Middleware/ThrottleRequests.php(154): Illuminate\\Cache\\RateLimiter->tooManyAttempts('b7ad7f2b04bd98f...', 5)
#14 /var/www/backend/vendor/laravel/framework/src/Illuminate/Routing/Middleware/ThrottleRequests.php(92): Illuminate\\Routing\\Middleware\\ThrottleRequests->handleRequest(Object(Illuminate\\Http\\Request), Object(Closure), Array)
#15 /var/www/backend/vendor/laravel/framework/src/Illuminate/Pipeline/Pipeline.php(209): Illuminate\\Routing\\Middleware\\ThrottleRequests->handle(Object(Illuminate\\Http\\Request), Object(Closure), '5', '1')
#16 /var/www/backend/vendor/laravel/framework/src/Illuminate/Pipeline/Pipeline.php(127): Illuminate\\Pipeline\\Pipeline->Illuminate\\Pipeline\\{closure}(Object(Illuminate\\Http\\Request))
#17 /var/www/backend/vendor/laravel/framework/src/Illuminate/Routing/Router.php(807): Illuminate\\Pipeline\\Pipeline->then(Object(Closure))
#18 /var/www/backend/vendor/laravel/framework/src/Illuminate/Routing/Router.php(786): Illuminate\\Routing\\Router->runRouteWithinStack(Object(Illuminate\\Routing\\Route), Object(Illuminate\\Http\\Request))
#19 /var/www/backend/vendor/laravel/framework/src/Illuminate/Routing/Router.php(750): Illuminate\\Routing\\Router->runRoute(Object(Illuminate\\Http\\Request), Object(Illuminate\\Routing\\Route))
#20 /var/www/backend/vendor/laravel/framework/src/Illuminate/Routing/Router.php(739): Illuminate\\Routing\\Router->dispatchToRoute(Object(Illuminate\\Http\\Request))
#21 /var/www/backend/vendor/laravel/framework/src/Illuminate/Foundation/Http/Kernel.php(201): Illuminate\\Routing\\Router->dispatch(Object(Illuminate\\Http\\Request))
#22 /var/www/backend/vendor/laravel/framework/src/Illuminate/Pipeline/Pipeline.php(170): Illuminate\\Foundation\\Http\\Kernel->Illuminate\\Foundation\\Http\\{closure}(Object(Illuminate\\Http\\Request))
#23 /var/www/backend/vendor/laravel/framework/src/Illuminate/Foundation/Http/Middleware/TransformsRequest.php(21): Illuminate\\Pipeline\\Pipeline->Illuminate\\Pipeline\\{closure}(Object(Illuminate\\Http\\Request))
#24 /var/www/backend/vendor/laravel/framework/src/Illuminate/Foundation/Http/Middleware/ConvertEmptyStringsToNull.php(31): Illuminate\\Foundation\\Http\\Middleware\\TransformsRequest->handle(Object(Illuminate\\Http\\Request), Object(Closure))
#25 /var/www/backend/vendor/laravel/framework/src/Illuminate/Pipeline/Pipeline.php(209): Illuminate\\Foundation\\Http\\Middleware\\ConvertEmptyStringsToNull->handle(Object(Illuminate\\Http\\Request), Object(Closure))
#26 /var/www/backend/vendor/laravel/framework/src/Illuminate/Foundation/Http/Middleware/TransformsRequest.php(21): Illuminate\\Pipeline\\Pipeline->Illuminate\\Pipeline\\{closure}(Object(Illuminate\\Http\\Request))
#27 /var/www/backend/vendor/laravel/framework/src/Illuminate/Foundation/Http/Middleware/TrimStrings.php(51): Illuminate\\Foundation\\Http\\Middleware\\TransformsRequest->handle(Object(Illuminate\\Http\\Request), Object(Closure))
#28 /var/www/backend/vendor/laravel/framework/src/Illuminate/Pipeline/Pipeline.php(209): Illuminate\\Foundation\\Http\\Middleware\\TrimStrings->handle(Object(Illuminate\\Http\\Request), Object(Closure))
#29 /var/www/backend/vendor/laravel/framework/src/Illuminate/Http/Middleware/ValidatePostSize.php(27): Illuminate\\Pipeline\\Pipeline->Illuminate\\Pipeline\\{closure}(Object(Illuminate\\Http\\Request))
#30 /var/www/backend/vendor/laravel/framework/src/Illuminate/Pipeline/Pipeline.php(209): Illuminate\\Http\\Middleware\\ValidatePostSize->handle(Object(Illuminate\\Http\\Request), Object(Closure))
#31 /var/www/backend/vendor/laravel/framework/src/Illuminate/Foundation/Http/Middleware/PreventRequestsDuringMaintenance.php(110): Illuminate\\Pipeline\\Pipeline->Illuminate\\Pipeline\\{closure}(Object(Illuminate\\Http\\Request))
#32 /var/www/backend/vendor/laravel/framework/src/Illuminate/Pipeline/Pipeline.php(209): Illuminate\\Foundation\\Http\\Middleware\\PreventRequestsDuringMaintenance->handle(Object(Illuminate\\Http\\Request), Object(Closure))
#33 /var/www/backend/vendor/laravel/framework/src/Illuminate/Http/Middleware/HandleCors.php(62): Illuminate\\Pipeline\\Pipeline->Illuminate\\Pipeline\\{closure}(Object(Illuminate\\Http\\Request))
#34 /var/www/backend/vendor/laravel/framework/src/Illuminate/Pipeline/Pipeline.php(209): Illuminate\\Http\\Middleware\\HandleCors->handle(Object(Illuminate\\Http\\Request), Object(Closure))
#35 /var/www/backend/vendor/laravel/framework/src/Illuminate/Http/Middleware/TrustProxies.php(58): Illuminate\\Pipeline\\Pipeline->Illuminate\\Pipeline\\{closure}(Object(Illuminate\\Http\\Request))
#36 /var/www/backend/vendor/laravel/framework/src/Illuminate/Pipeline/Pipeline.php(209): Illuminate\\Http\\Middleware\\TrustProxies->handle(Object(Illuminate\\Http\\Request), Object(Closure))
#37 /var/www/backend/vendor/laravel/framework/src/Illuminate/Foundation/Http/Middleware/InvokeDeferredCallbacks.php(22): Illuminate\\Pipeline\\Pipeline->Illuminate\\Pipeline\\{closure}(Object(Illuminate\\Http\\Request))
#38 /var/www/backend/vendor/laravel/framework/src/Illuminate/Pipeline/Pipeline.php(209): Illuminate\\Foundation\\Http\\Middleware\\InvokeDeferredCallbacks->handle(Object(Illuminate\\Http\\Request), Object(Closure))
#39 /var/www/backend/vendor/laravel/framework/src/Illuminate/Pipeline/Pipeline.php(127): Illuminate\\Pipeline\\Pipeline->Illuminate\\Pipeline\\{closure}(Object(Illuminate\\Http\\Request))
#40 /var/www/backend/vendor/laravel/framework/src/Illuminate/Foundation/Http/Kernel.php(176): Illuminate\\Pipeline\\Pipeline->then(Object(Closure))
#41 /var/www/backend/vendor/laravel/framework/src/Illuminate/Foundation/Http/Kernel.php(145): Illuminate\\Foundation\\Http\\Kernel->sendRequestThroughRouter(Object(Illuminate\\Http\\Request))
#42 /var/www/backend/vendor/laravel/framework/src/Illuminate/Foundation/Application.php(1220): Illuminate\\Foundation\\Http\\Kernel->handle(Object(Illuminate\\Http\\Request))
#43 /var/www/backend/public/index.php(10): Illuminate\\Foundation\\Application->handleRequest(Object(Illuminate\\Http\\Request))
#44 /var/www/backend/vendor/laravel/framework/src/Illuminate/Foundation/resources/server.php(23): require_once('/var/www/backen...')
#45 {main}

[previous exception] [object] (PDOException(code: 42S02): SQLSTATE[42S02]: Base table or view not found: 1146 Table 'ofogh.cache' doesn't exist at /var/www/backend/vendor/laravel/framework/src/Illuminate/Database/Connection.php:407)
[stacktrace]
#0 /var/www/backend/vendor/laravel/framework/src/Illuminate/Database/Connection.php(407): PDO->prepare('select * from `...')
#1 /var/www/backend/vendor/laravel/framework/src/Illuminate/Database/Connection.php(812): Illuminate\\Database\\Connection->Illuminate\\Database\\{closure}('select * from `...', Array)
#2 /var/www/backend/vendor/laravel/framework/src/Illuminate/Database/Connection.php(779): Illuminate\\Database\\Connection->runQueryCallback('select * from `...', Array, Object(Closure))
#3 /var/www/backend/vendor/laravel/framework/src/Illuminate/Database/Connection.php(398): Illuminate\\Database\\Connection->run('select * from `...', Array, Object(Closure))
#4 /var/www/backend/vendor/laravel/framework/src/Illuminate/Database/Query/Builder.php(3106): Illuminate\\Database\\Connection->select('select * from `...', Array, true)
#5 /var/www/backend/vendor/laravel/framework/src/Illuminate/Database/Query/Builder.php(3091): Illuminate\\Database\\Query\\Builder->runSelect()
#6 /var/www/backend/vendor/laravel/framework/src/Illuminate/Database/Query/Builder.php(3676): Illuminate\\Database\\Query\\Builder->Illuminate\\Database\\Query\\{closure}()
#7 /var/www/backend/vendor/laravel/framework/src/Illuminate/Database/Query/Builder.php(3090): Illuminate\\Database\\Query\\Builder->onceWithColumns(Array, Object(Closure))
#8 /var/www/backend/vendor/laravel/framework/src/Illuminate/Cache/DatabaseStore.php(130): Illuminate\\Database\\Query\\Builder->get()
#9 /var/www/backend/vendor/laravel/framework/src/Illuminate/Cache/DatabaseStore.php(105): Illuminate\\Cache\\DatabaseStore->many(Array)
#10 /var/www/backend/vendor/laravel/framework/src/Illuminate/Cache/Repository.php(117): Illuminate\\Cache\\DatabaseStore->get('b7ad7f2b04bd98f...')
#11 /var/www/backend/vendor/laravel/framework/src/Illuminate/Cache/RateLimiter.php(207): Illuminate\\Cache\\Repository->get('b7ad7f2b04bd98f...', 0)
#12 /var/www/backend/vendor/laravel/framework/src/Illuminate/Cache/RateLimiter.php(301): Illuminate\\Cache\\RateLimiter->Illuminate\\Cache\\{closure}()
#13 /var/www/backend/vendor/laravel/framework/src/Illuminate/Cache/RateLimiter.php(207): Illuminate\\Cache\\RateLimiter->withoutSerializationOrCompression(Object(Closure))
#14 /var/www/backend/vendor/laravel/framework/src/Illuminate/Cache/RateLimiter.php(130): Illuminate\\Cache\\RateLimiter->attempts('b7ad7f2b04bd98f...')
#15 /var/www/backend/vendor/laravel/framework/src/Illuminate/Routing/Middleware/ThrottleRequests.php(154): Illuminate\\Cache\\RateLimiter->tooManyAttempts('b7ad7f2b04bd98f...', 5)
#16 /var/www/backend/vendor/laravel/framework/src/Illuminate/Routing/Middleware/ThrottleRequests.php(92): Illuminate\\Routing\\Middleware\\ThrottleRequests->handleRequest(Object(Illuminate\\Http\\Request), Object(Closure), Array)
#17 /var/www/backend/vendor/laravel/framework/src/Illuminate/Pipeline/Pipeline.php(209): Illuminate\\Routing\\Middleware\\ThrottleRequests->handle(Object(Illuminate\\Http\\Request), Object(Closure), '5', '1')
#18 /var/www/backend/vendor/laravel/framework/src/Illuminate/Pipeline/Pipeline.php(127): Illuminate\\Pipeline\\Pipeline->Illuminate\\Pipeline\\{closure}(Object(Illuminate\\Http\\Request))
#19 /var/www/backend/vendor/laravel/framework/src/Illuminate/Routing/Router.php(807): Illuminate\\Pipeline\\Pipeline->then(Object(Closure))
#20 /var/www/backend/vendor/laravel/framework/src/Illuminate/Routing/Router.php(786): Illuminate\\Routing\\Router->runRouteWithinStack(Object(Illuminate\\Routing\\Route), Object(Illuminate\\Http\\Request))
#21 /var/www/backend/vendor/laravel/framework/src/Illuminate/Routing/Router.php(750): Illuminate\\Routing\\Router->runRoute(Object(Illuminate\\Http\\Request), Object(Illuminate\\Routing\\Route))
#22 /var/www/backend/vendor/laravel/framework/src/Illuminate/Routing/Router.php(739): Illuminate\\Routing\\Router->dispatchToRoute(Object(Illuminate\\Http\\Request))
#23 /var/www/backend/vendor/laravel/framework/src/Illuminate/Foundation/Http/Kernel.php(201): Illuminate\\Routing\\Router->dispatch(Object(Illuminate\\Http\\Request))
#24 /var/www/backend/vendor/laravel/framework/src/Illuminate/Pipeline/Pipeline.php(170): Illuminate\\Foundation\\Http\\Kernel->Illuminate\\Foundation\\Http\\{closure}(Object(Illuminate\\Http\\Request))
#25 /var/www/backend/vendor/laravel/framework/src/Illuminate/Foundation/Http/Middleware/TransformsRequest.php(21): Illuminate\\Pipeline\\Pipeline->Illuminate\\Pipeline\\{closure}(Object(Illuminate\\Http\\Request))
#26 /var/www/backend/vendor/laravel/framework/src/Illuminate/Foundation/Http/Middleware/ConvertEmptyStringsToNull.php(31): Illuminate\\Foundation\\Http\\Middleware\\TransformsRequest->handle(Object(Illuminate\\Http\\Request), Object(Closure))
#27 /var/www/backend/vendor/laravel/framework/src/Illuminate/Pipeline/Pipeline.php(209): Illuminate\\Foundation\\Http\\Middleware\\ConvertEmptyStringsToNull->handle(Object(Illuminate\\Http\\Request), Object(Closure))
#28 /var/www/backend/vendor/laravel/framework/src/Illuminate/Foundation/Http/Middleware/TransformsRequest.php(21): Illuminate\\Pipeline\\Pipeline->Illuminate\\Pipeline\\{closure}(Object(Illuminate\\Http\\Request))
#29 /var/www/backend/vendor/laravel/framework/src/Illuminate/Foundation/Http/Middleware/TrimStrings.php(51): Illuminate\\Foundation\\Http\\Middleware\\TransformsRequest->handle(Object(Illuminate\\Http\\Request), Object(Closure))
#30 /var/www/backend/vendor/laravel/framework/src/Illuminate/Pipeline/Pipeline.php(209): Illuminate\\Foundation\\Http\\Middleware\\TrimStrings->handle(Object(Illuminate\\Http\\Request), Object(Closure))
#31 /var/www/backend/vendor/laravel/framework/src/Illuminate/Http/Middleware/ValidatePostSize.php(27): Illuminate\\Pipeline\\Pipeline->Illuminate\\Pipeline\\{closure}(Object(Illuminate\\Http\\Request))
#32 /var/www/backend/vendor/laravel/framework/src/Illuminate/Pipeline/Pipeline.php(209): Illuminate\\Http\\Middleware\\ValidatePostSize->handle(Object(Illuminate\\Http\\Request), Object(Closure))
#33 /var/www/backend/vendor/laravel/framework/src/Illuminate/Foundation/Http/Middleware/PreventRequestsDuringMaintenance.php(110): Illuminate\\Pipeline\\Pipeline->Illuminate\\Pipeline\\{closure}(Object(Illuminate\\Http\\Request))
#34 /var/www/backend/vendor/laravel/framework/src/Illuminate/Pipeline/Pipeline.php(209): Illuminate\\Foundation\\Http\\Middleware\\PreventRequestsDuringMaintenance->handle(Object(Illuminate\\Http\\Request), Object(Closure))
#35 /var/www/backend/vendor/laravel/framework/src/Illuminate/Http/Middleware/HandleCors.php(62): Illuminate\\Pipeline\\Pipeline->Illuminate\\Pipeline\\{closure}(Object(Illuminate\\Http\\Request))
#36 /var/www/backend/vendor/laravel/framework/src/Illuminate/Pipeline/Pipeline.php(209): Illuminate\\Http\\Middleware\\HandleCors->handle(Object(Illuminate\\Http\\Request), Object(Closure))
#37 /var/www/backend/vendor/laravel/framework/src/Illuminate/Http/Middleware/TrustProxies.php(58): Illuminate\\Pipeline\\Pipeline->Illuminate\\Pipeline\\{closure}(Object(Illuminate\\Http\\Request))
#38 /var/www/backend/vendor/laravel/framework/src/Illuminate/Pipeline/Pipeline.php(209): Illuminate\\Http\\Middleware\\TrustProxies->handle(Object(Illuminate\\Http\\Request), Object(Closure))
#39 /var/www/backend/vendor/laravel/framework/src/Illuminate/Foundation/Http/Middleware/InvokeDeferredCallbacks.php(22): Illuminate\\Pipeline\\Pipeline->Illuminate\\Pipeline\\{closure}(Object(Illuminate\\Http\\Request))
#40 /var/www/backend/vendor/laravel/framework/src/Illuminate/Pipeline/Pipeline.php(209): Illuminate\\Foundation\\Http\\Middleware\\InvokeDeferredCallbacks->handle(Object(Illuminate\\Http\\Request), Object(Closure))
#41 /var/www/backend/vendor/laravel/framework/src/Illuminate/Pipeline/Pipeline.php(127): Illuminate\\Pipeline\\Pipeline->Illuminate\\Pipeline\\{closure}(Object(Illuminate\\Http\\Request))
#42 /var/www/backend/vendor/laravel/framework/src/Illuminate/Foundation/Http/Kernel.php(176): Illuminate\\Pipeline\\Pipeline->then(Object(Closure))
#43 /var/www/backend/vendor/laravel/framework/src/Illuminate/Foundation/Http/Kernel.php(145): Illuminate\\Foundation\\Http\\Kernel->sendRequestThroughRouter(Object(Illuminate\\Http\\Request))
#44 /var/www/backend/vendor/laravel/framework/src/Illuminate/Foundation/Application.php(1220): Illuminate\\Foundation\\Http\\Kernel->handle(Object(Illuminate\\Http\\Request))
#45 /var/www/backend/public/index.php(10): Illuminate\\Foundation\\Application->handleRequest(Object(Illuminate\\Http\\Request))
#46 /var/www/backend/vendor/laravel/framework/src/Illuminate/Foundation/resources/server.php(23): require_once('/var/www/backen...')
#47 {main}
"} 
[2026-10-10 11:56:35] local.ERROR: SQLSTATE[42S02]: Base table or view not found: 1146 Table 'ofogh.cache' doesn't exist (Connection: mysql, SQL: select * from `cache` where `key` in (ofogh_cache_b7ad7f2b04bd98f199a2b8c016e37e66c831b866)) {"exception":"[object] (Illuminate\\Database\\QueryException(code: 42S02): SQLSTATE[42S02]: Base table or view not found: 1146 Table 'ofogh.cache' doesn't exist (Connection: mysql, SQL: select * from `cache` where `key` in (ofogh_cache_b7ad7f2b04bd98f199a2b8c016e37e66c831b866)) at /var/www/backend/vendor/laravel/framework/src/Illuminate/Database/Connection.php:825)
[stacktrace]
#0 /var/www/backend/vendor/laravel/framework/src/Illuminate/Database/Connection.php(779): Illuminate\\Database\\Connection->runQueryCallback('select * from `...', Array, Object(Closure))
#1 /var/www/backend/vendor/laravel/framework/src/Illuminate/Database/Connection.php(398): Illuminate\\Database\\Connection->run('select * from `...', Array, Object(Closure))
#2 /var/www/backend/vendor/laravel/framework/src/Illuminate/Database/Query/Builder.php(3106): Illuminate\\Database\\Connection->select('select * from `...', Array, true)
#3 /var/www/backend/vendor/laravel/framework/src/Illuminate/Database/Query/Builder.php(3091): Illuminate\\Database\\Query\\Builder->runSelect()
#4 /var/www/backend/vendor/laravel/framework/src/Illuminate/Database/Query/Builder.php(3676): Illuminate\\Database\\Query\\Builder->Illuminate\\Database\\Query\\{closure}()
#5 /var/www/backend/vendor/laravel/framework/src/Illuminate/Database/Query/Builder.php(3090): Illuminate\\Database\\Query\\Builder->onceWithColumns(Array, Object(Closure))
#6 /var/www/backend/vendor/laravel/framework/src/Illuminate/Cache/DatabaseStore.php(130): Illuminate\\Database\\Query\\Builder->get()
#7 /var/www/backend/vendor/laravel/framework/src/Illuminate/Cache/DatabaseStore.php(105): Illuminate\\Cache\\DatabaseStore->many(Array)
#8 /var/www/backend/vendor/laravel/framework/src/Illuminate/Cache/Repository.php(117): Illuminate\\Cache\\DatabaseStore->get('b7ad7f2b04bd98f...')
#9 /var/www/backend/vendor/laravel/framework/src/Illuminate/Cache/RateLimiter.php(207): Illuminate\\Cache\\Repository->get('b7ad7f2b04bd98f...', 0)
#10 /var/www/backend/vendor/laravel/framework/src/Illuminate/Cache/RateLimiter.php(301): Illuminate\\Cache\\RateLimiter->Illuminate\\Cache\\{closure}()
#11 /var/www/backend/vendor/laravel/framework/src/Illuminate/Cache/RateLimiter.php(207): Illuminate\\Cache\\RateLimiter->withoutSerializationOrCompression(Object(Closure))
#12 /var/www/backend/vendor/laravel/framework/src/Illuminate/Cache/RateLimiter.php(130): Illuminate\\Cache\\RateLimiter->attempts('b7ad7f2b04bd98f...')
#13 /var/www/backend/vendor/laravel/framework/src/Illuminate/Routing/Middleware/ThrottleRequests.php(154): Illuminate\\Cache\\RateLimiter->tooManyAttempts('b7ad7f2b04bd98f...', 5)
#14 /var/www/backend/vendor/laravel/framework/src/Illuminate/Routing/Middleware/ThrottleRequests.php(92): Illuminate\\Routing\\Middleware\\ThrottleRequests->handleRequest(Object(Illuminate\\Http\\Request), Object(Closure), Array)
#15 /var/www/backend/vendor/laravel/framework/src/Illuminate/Pipeline/Pipeline.php(209): Illuminate\\Routing\\Middleware\\ThrottleRequests->handle(Object(Illuminate\\Http\\Request), Object(Closure), '5', '1')
#16 /var/www/backend/vendor/laravel/framework/src/Illuminate/Pipeline/Pipeline.php(127): Illuminate\\Pipeline\\Pipeline->Illuminate\\Pipeline\\{closure}(Object(Illuminate\\Http\\Request))
#17 /var/www/backend/vendor/laravel/framework/src/Illuminate/Routing/Router.php(807): Illuminate\\Pipeline\\Pipeline->then(Object(Closure))
#18 /var/www/backend/vendor/laravel/framework/src/Illuminate/Routing/Router.php(786): Illuminate\\Routing\\Router->runRouteWithinStack(Object(Illuminate\\Routing\\Route), Object(Illuminate\\Http\\Request))
#19 /var/www/backend/vendor/laravel/framework/src/Illuminate/Routing/Router.php(750): Illuminate\\Routing\\Router->runRoute(Object(Illuminate\\Http\\Request), Object(Illuminate\\Routing\\Route))
#20 /var/www/backend/vendor/laravel/framework/src/Illuminate/Routing/Router.php(739): Illuminate\\Routing\\Router->dispatchToRoute(Object(Illuminate\\Http\\Request))
#21 /var/www/backend/vendor/laravel/framework/src/Illuminate/Foundation/Http/Kernel.php(201): Illuminate\\Routing\\Router->dispatch(Object(Illuminate\\Http\\Request))
#22 /var/www/backend/vendor/laravel/framework/src/Illuminate/Pipeline/Pipeline.php(170): Illuminate\\Foundation\\Http\\Kernel->Illuminate\\Foundation\\Http\\{closure}(Object(Illuminate\\Http\\Request))
#23 /var/www/backend/vendor/laravel/framework/src/Illuminate/Foundation/Http/Middleware/TransformsRequest.php(21): Illuminate\\Pipeline\\Pipeline->Illuminate\\Pipeline\\{closure}(Object(Illuminate\\Http\\Request))
#24 /var/www/backend/vendor/laravel/framework/src/Illuminate/Foundation/Http/Middleware/ConvertEmptyStringsToNull.php(31): Illuminate\\Foundation\\Http\\Middleware\\TransformsRequest->handle(Object(Illuminate\\Http\\Request), Object(Closure))
#25 /var/www/backend/vendor/laravel/framework/src/Illuminate/Pipeline/Pipeline.php(209): Illuminate\\Foundation\\Http\\Middleware\\ConvertEmptyStringsToNull->handle(Object(Illuminate\\Http\\Request), Object(Closure))
#26 /var/www/backend/vendor/laravel/framework/src/Illuminate/Foundation/Http/Middleware/TransformsRequest.php(21): Illuminate\\Pipeline\\Pipeline->Illuminate\\Pipeline\\{closure}(Object(Illuminate\\Http\\Request))
#27 /var/www/backend/vendor/laravel/framework/src/Illuminate/Foundation/Http/Middleware/TrimStrings.php(51): Illuminate\\Foundation\\Http\\Middleware\\TransformsRequest->handle(Object(Illuminate\\Http\\Request), Object(Closure))
#28 /var/www/backend/vendor/laravel/framework/src/Illuminate/Pipeline/Pipeline.php(209): Illuminate\\Foundation\\Http\\Middleware\\TrimStrings->handle(Object(Illuminate\\Http\\Request), Object(Closure))
#29 /var/www/backend/vendor/laravel/framework/src/Illuminate/Http/Middleware/ValidatePostSize.php(27): Illuminate\\Pipeline\\Pipeline->Illuminate\\Pipeline\\{closure}(Object(Illuminate\\Http\\Request))
#30 /var/www/backend/vendor/laravel/framework/src/Illuminate/Pipeline/Pipeline.php(209): Illuminate\\Http\\Middleware\\ValidatePostSize->handle(Object(Illuminate\\Http\\Request), Object(Closure))
#31 /var/www/backend/vendor/laravel/framework/src/Illuminate/Foundation/Http/Middleware/PreventRequestsDuringMaintenance.php(110): Illuminate\\Pipeline\\Pipeline->Illuminate\\Pipeline\\{closure}(Object(Illuminate\\Http\\Request))
#32 /var/www/backend/vendor/laravel/framework/src/Illuminate/Pipeline/Pipeline.php(209): Illuminate\\Foundation\\Http\\Middleware\\PreventRequestsDuringMaintenance->handle(Object(Illuminate\\Http\\Request), Object(Closure))
#33 /var/www/backend/vendor/laravel/framework/src/Illuminate/Http/Middleware/HandleCors.php(62): Illuminate\\Pipeline\\Pipeline->Illuminate\\Pipeline\\{closure}(Object(Illuminate\\Http\\Request))
#34 /var/www/backend/vendor/laravel/framework/src/Illuminate/Pipeline/Pipeline.php(209): Illuminate\\Http\\Middleware\\HandleCors->handle(Object(Illuminate\\Http\\Request), Object(Closure))
#35 /var/www/backend/vendor/laravel/framework/src/Illuminate/Http/Middleware/TrustProxies.php(58): Illuminate\\Pipeline\\Pipeline->Illuminate\\Pipeline\\{closure}(Object(Illuminate\\Http\\Request))
#36 /var/www/backend/vendor/laravel/framework/src/Illuminate/Pipeline/Pipeline.php(209): Illuminate\\Http\\Middleware\\TrustProxies->handle(Object(Illuminate\\Http\\Request), Object(Closure))
#37 /var/www/backend/vendor/laravel/framework/src/Illuminate/Foundation/Http/Middleware/InvokeDeferredCallbacks.php(22): Illuminate\\Pipeline\\Pipeline->Illuminate\\Pipeline\\{closure}(Object(Illuminate\\Http\\Request))
#38 /var/www/backend/vendor/laravel/framework/src/Illuminate/Pipeline/Pipeline.php(209): Illuminate\\Foundation\\Http\\Middleware\\InvokeDeferredCallbacks->handle(Object(Illuminate\\Http\\Request), Object(Closure))
#39 /var/www/backend/vendor/laravel/framework/src/Illuminate/Pipeline/Pipeline.php(127): Illuminate\\Pipeline\\Pipeline->Illuminate\\Pipeline\\{closure}(Object(Illuminate\\Http\\Request))
#40 /var/www/backend/vendor/laravel/framework/src/Illuminate/Foundation/Http/Kernel.php(176): Illuminate\\Pipeline\\Pipeline->then(Object(Closure))
#41 /var/www/backend/vendor/laravel/framework/src/Illuminate/Foundation/Http/Kernel.php(145): Illuminate\\Foundation\\Http\\Kernel->sendRequestThroughRouter(Object(Illuminate\\Http\\Request))
#42 /var/www/backend/vendor/laravel/framework/src/Illuminate/Foundation/Application.php(1220): Illuminate\\Foundation\\Http\\Kernel->handle(Object(Illuminate\\Http\\Request))
#43 /var/www/backend/public/index.php(10): Illuminate\\Foundation\\Application->handleRequest(Object(Illuminate\\Http\\Request))
#44 /var/www/backend/vendor/laravel/framework/src/Illuminate/Foundation/resources/server.php(23): require_once('/var/www/backen...')
#45 {main}

[previous exception] [object] (PDOException(code: 42S02): SQLSTATE[42S02]: Base table or view not found: 1146 Table 'ofogh.cache' doesn't exist at /var/www/backend/vendor/laravel/framework/src/Illuminate/Database/Connection.php:407)
[stacktrace]
#0 /var/www/backend/vendor/laravel/framework/src/Illuminate/Database/Connection.php(407): PDO->prepare('select * from `...')
#1 /var/www/backend/vendor/laravel/framework/src/Illuminate/Database/Connection.php(812): Illuminate\\Database\\Connection->Illuminate\\Database\\{closure}('select * from `...', Array)
#2 /var/www/backend/vendor/laravel/framework/src/Illuminate/Database/Connection.php(779): Illuminate\\Database\\Connection->runQueryCallback('select * from `...', Array, Object(Closure))
#3 /var/www/backend/vendor/laravel/framework/src/Illuminate/Database/Connection.php(398): Illuminate\\Database\\Connection->run('select * from `...', Array, Object(Closure))
#4 /var/www/backend/vendor/laravel/framework/src/Illuminate/Database/Query/Builder.php(3106): Illuminate\\Database\\Connection->select('select * from `...', Array, true)
#5 /var/www/backend/vendor/laravel/framework/src/Illuminate/Database/Query/Builder.php(3091): Illuminate\\Database\\Query\\Builder->runSelect()
#6 /var/www/backend/vendor/laravel/framework/src/Illuminate/Database/Query/Builder.php(3676): Illuminate\\Database\\Query\\Builder->Illuminate\\Database\\Query\\{closure}()
#7 /var/www/backend/vendor/laravel/framework/src/Illuminate/Database/Query/Builder.php(3090): Illuminate\\Database\\Query\\Builder->onceWithColumns(Array, Object(Closure))
#8 /var/www/backend/vendor/laravel/framework/src/Illuminate/Cache/DatabaseStore.php(130): Illuminate\\Database\\Query\\Builder->get()
#9 /var/www/backend/vendor/laravel/framework/src/Illuminate/Cache/DatabaseStore.php(105): Illuminate\\Cache\\DatabaseStore->many(Array)
#10 /var/www/backend/vendor/laravel/framework/src/Illuminate/Cache/Repository.php(117): Illuminate\\Cache\\DatabaseStore->get('b7ad7f2b04bd98f...')
#11 /var/www/backend/vendor/laravel/framework/src/Illuminate/Cache/RateLimiter.php(207): Illuminate\\Cache\\Repository->get('b7ad7f2b04bd98f...', 0)
#12 /var/www/backend/vendor/laravel/framework/src/Illuminate/Cache/RateLimiter.php(301): Illuminate\\Cache\\RateLimiter->Illuminate\\Cache\\{closure}()
#13 /var/www/backend/vendor/laravel/framework/src/Illuminate/Cache/RateLimiter.php(207): Illuminate\\Cache\\RateLimiter->withoutSerializationOrCompression(Object(Closure))
#14 /var/www/backend/vendor/laravel/framework/src/Illuminate/Cache/RateLimiter.php(130): Illuminate\\Cache\\RateLimiter->attempts('b7ad7f2b04bd98f...')
#15 /var/www/backend/vendor/laravel/framework/src/Illuminate/Routing/Middleware/ThrottleRequests.php(154): Illuminate\\Cache\\RateLimiter->tooManyAttempts('b7ad7f2b04bd98f...', 5)
#16 /var/www/backend/vendor/laravel/framework/src/Illuminate/Routing/Middleware/ThrottleRequests.php(92): Illuminate\\Routing\\Middleware\\ThrottleRequests->handleRequest(Object(Illuminate\\Http\\Request), Object(Closure), Array)
#17 /var/www/backend/vendor/laravel/framework/src/Illuminate/Pipeline/Pipeline.php(209): Illuminate\\Routing\\Middleware\\ThrottleRequests->handle(Object(Illuminate\\Http\\Request), Object(Closure), '5', '1')
#18 /var/www/backend/vendor/laravel/framework/src/Illuminate/Pipeline/Pipeline.php(127): Illuminate\\Pipeline\\Pipeline->Illuminate\\Pipeline\\{closure}(Object(Illuminate\\Http\\Request))
#19 /var/www/backend/vendor/laravel/framework/src/Illuminate/Routing/Router.php(807): Illuminate\\Pipeline\\Pipeline->then(Object(Closure))
#20 /var/www/backend/vendor/laravel/framework/src/Illuminate/Routing/Router.php(786): Illuminate\\Routing\\Router->runRouteWithinStack(Object(Illuminate\\Routing\\Route), Object(Illuminate\\Http\\Request))
#21 /var/www/backend/vendor/laravel/framework/src/Illuminate/Routing/Router.php(750): Illuminate\\Routing\\Router->runRoute(Object(Illuminate\\Http\\Request), Object(Illuminate\\Routing\\Route))
#22 /var/www/backend/vendor/laravel/framework/src/Illuminate/Routing/Router.php(739): Illuminate\\Routing\\Router->dispatchToRoute(Object(Illuminate\\Http\\Request))
#23 /var/www/backend/vendor/laravel/framework/src/Illuminate/Foundation/Http/Kernel.php(201): Illuminate\\Routing\\Router->dispatch(Object(Illuminate\\Http\\Request))
#24 /var/www/backend/vendor/laravel/framework/src/Illuminate/Pipeline/Pipeline.php(170): Illuminate\\Foundation\\Http\\Kernel->Illuminate\\Foundation\\Http\\{closure}(Object(Illuminate\\Http\\Request))
#25 /var/www/backend/vendor/laravel/framework/src/Illuminate/Foundation/Http/Middleware/TransformsRequest.php(21): Illuminate\\Pipeline\\Pipeline->Illuminate\\Pipeline\\{closure}(Object(Illuminate\\Http\\Request))
#26 /var/www/backend/vendor/laravel/framework/src/Illuminate/Foundation/Http/Middleware/ConvertEmptyStringsToNull.php(31): Illuminate\\Foundation\\Http\\Middleware\\TransformsRequest->handle(Object(Illuminate\\Http\\Request), Object(Closure))
#27 /var/www/backend/vendor/laravel/framework/src/Illuminate/Pipeline/Pipeline.php(209): Illuminate\\Foundation\\Http\\Middleware\\ConvertEmptyStringsToNull->handle(Object(Illuminate\\Http\\Request), Object(Closure))
#28 /var/www/backend/vendor/laravel/framework/src/Illuminate/Foundation/Http/Middleware/TransformsRequest.php(21): Illuminate\\Pipeline\\Pipeline->Illuminate\\Pipeline\\{closure}(Object(Illuminate\\Http\\Request))
#29 /var/www/backend/vendor/laravel/framework/src/Illuminate/Foundation/Http/Middleware/TrimStrings.php(51): Illuminate\\Foundation\\Http\\Middleware\\TransformsRequest->handle(Object(Illuminate\\Http\\Request), Object(Closure))
#30 /var/www/backend/vendor/laravel/framework/src/Illuminate/Pipeline/Pipeline.php(209): Illuminate\\Foundation\\Http\\Middleware\\TrimStrings->handle(Object(Illuminate\\Http\\Request), Object(Closure))
#31 /var/www/backend/vendor/laravel/framework/src/Illuminate/Http/Middleware/ValidatePostSize.php(27): Illuminate\\Pipeline\\Pipeline->Illuminate\\Pipeline\\{closure}(Object(Illuminate\\Http\\Request))
#32 /var/www/backend/vendor/laravel/framework/src/Illuminate/Pipeline/Pipeline.php(209): Illuminate\\Http\\Middleware\\ValidatePostSize->handle(Object(Illuminate\\Http\\Request), Object(Closure))
#33 /var/www/backend/vendor/laravel/framework/src/Illuminate/Foundation/Http/Middleware/PreventRequestsDuringMaintenance.php(110): Illuminate\\Pipeline\\Pipeline->Illuminate\\Pipeline\\{closure}(Object(Illuminate\\Http\\Request))
#34 /var/www/backend/vendor/laravel/framework/src/Illuminate/Pipeline/Pipeline.php(209): Illuminate\\Foundation\\Http\\Middleware\\PreventRequestsDuringMaintenance->handle(Object(Illuminate\\Http\\Request), Object(Closure))
#35 /var/www/backend/vendor/laravel/framework/src/Illuminate/Http/Middleware/HandleCors.php(62): Illuminate\\Pipeline\\Pipeline->Illuminate\\Pipeline\\{closure}(Object(Illuminate\\Http\\Request))
#36 /var/www/backend/vendor/laravel/framework/src/Illuminate/Pipeline/Pipeline.php(209): Illuminate\\Http\\Middleware\\HandleCors->handle(Object(Illuminate\\Http\\Request), Object(Closure))
#37 /var/www/backend/vendor/laravel/framework/src/Illuminate/Http/Middleware/TrustProxies.php(58): Illuminate\\Pipeline\\Pipeline->Illuminate\\Pipeline\\{closure}(Object(Illuminate\\Http\\Request))
#38 /var/www/backend/vendor/laravel/framework/src/Illuminate/Pipeline/Pipeline.php(209): Illuminate\\Http\\Middleware\\TrustProxies->handle(Object(Illuminate\\Http\\Request), Object(Closure))
#39 /var/www/backend/vendor/laravel/framework/src/Illuminate/Foundation/Http/Middleware/InvokeDeferredCallbacks.php(22): Illuminate\\Pipeline\\Pipeline->Illuminate\\Pipeline\\{closure}(Object(Illuminate\\Http\\Request))
#40 /var/www/backend/vendor/laravel/framework/src/Illuminate/Pipeline/Pipeline.php(209): Illuminate\\Foundation\\Http\\Middleware\\InvokeDeferredCallbacks->handle(Object(Illuminate\\Http\\Request), Object(Closure))
#41 /var/www/backend/vendor/laravel/framework/src/Illuminate/Pipeline/Pipeline.php(127): Illuminate\\Pipeline\\Pipeline->Illuminate\\Pipeline\\{closure}(Object(Illuminate\\Http\\Request))
#42 /var/www/backend/vendor/laravel/framework/src/Illuminate/Foundation/Http/Kernel.php(176): Illuminate\\Pipeline\\Pipeline->then(Object(Closure))
#43 /var/www/backend/vendor/laravel/framework/src/Illuminate/Foundation/Http/Kernel.php(145): Illuminate\\Foundation\\Http\\Kernel->sendRequestThroughRouter(Object(Illuminate\\Http\\Request))
#44 /var/www/backend/vendor/laravel/framework/src/Illuminate/Foundation/Application.php(1220): Illuminate\\Foundation\\Http\\Kernel->handle(Object(Illuminate\\Http\\Request))
#45 /var/www/backend/public/index.php(10): Illuminate\\Foundation\\Application->handleRequest(Object(Illuminate\\Http\\Request))
#46 /var/www/backend/vendor/laravel/framework/src/Illuminate/Foundation/resources/server.php(23): require_once('/var/www/backen...')
#47 {main}
"} 
[2026-10-10 11:56:35] local.ERROR: SQLSTATE[42S02]: Base table or view not found: 1146 Table 'ofogh.cache' doesn't exist (Connection: mysql, SQL: select * from `cache` where `key` in (ofogh_cache_b7ad7f2b04bd98f199a2b8c016e37e66c831b866)) {"exception":"[object] (Illuminate\\Database\\QueryException(code: 42S02): SQLSTATE[42S02]: Base table or view not found: 1146 Table 'ofogh.cache' doesn't exist (Connection: mysql, SQL: select * from `cache` where `key` in (ofogh_cache_b7ad7f2b04bd98f199a2b8c016e37e66c831b866)) at /var/www/backend/vendor/laravel/framework/src/Illuminate/Database/Connection.php:825)
[stacktrace]
#0 /var/www/backend/vendor/laravel/framework/src/Illuminate/Database/Connection.php(779): Illuminate\\Database\\Connection->runQueryCallback('select * from `...', Array, Object(Closure))
#1 /var/www/backend/vendor/laravel/framework/src/Illuminate/Database/Connection.php(398): Illuminate\\Database\\Connection->run('select * from `...', Array, Object(Closure))
#2 /var/www/backend/vendor/laravel/framework/src/Illuminate/Database/Query/Builder.php(3106): Illuminate\\Database\\Connection->select('select * from `...', Array, true)
#3 /var/www/backend/vendor/laravel/framework/src/Illuminate/Database/Query/Builder.php(3091): Illuminate\\Database\\Query\\Builder->runSelect()
#4 /var/www/backend/vendor/laravel/framework/src/Illuminate/Database/Query/Builder.php(3676): Illuminate\\Database\\Query\\Builder->Illuminate\\Database\\Query\\{closure}()
#5 /var/www/backend/vendor/laravel/framework/src/Illuminate/Database/Query/Builder.php(3090): Illuminate\\Database\\Query\\Builder->onceWithColumns(Array, Object(Closure))
#6 /var/www/backend/vendor/laravel/framework/src/Illuminate/Cache/DatabaseStore.php(130): Illuminate\\Database\\Query\\Builder->get()
#7 /var/www/backend/vendor/laravel/framework/src/Illuminate/Cache/DatabaseStore.php(105): Illuminate\\Cache\\DatabaseStore->many(Array)
#8 /var/www/backend/vendor/laravel/framework/src/Illuminate/Cache/Repository.php(117): Illuminate\\Cache\\DatabaseStore->get('b7ad7f2b04bd98f...')
#9 /var/www/backend/vendor/laravel/framework/src/Illuminate/Cache/RateLimiter.php(207): Illuminate\\Cache\\Repository->get('b7ad7f2b04bd98f...', 0)
#10 /var/www/backend/vendor/laravel/framework/src/Illuminate/Cache/RateLimiter.php(301): Illuminate\\Cache\\RateLimiter->Illuminate\\Cache\\{closure}()
#11 /var/www/backend/vendor/laravel/framework/src/Illuminate/Cache/RateLimiter.php(207): Illuminate\\Cache\\RateLimiter->withoutSerializationOrCompression(Object(Closure))
#12 /var/www/backend/vendor/laravel/framework/src/Illuminate/Cache/RateLimiter.php(130): Illuminate\\Cache\\RateLimiter->attempts('b7ad7f2b04bd98f...')
#13 /var/www/backend/vendor/laravel/framework/src/Illuminate/Routing/Middleware/ThrottleRequests.php(154): Illuminate\\Cache\\RateLimiter->tooManyAttempts('b7ad7f2b04bd98f...', 5)
#14 /var/www/backend/vendor/laravel/framework/src/Illuminate/Routing/Middleware/ThrottleRequests.php(92): Illuminate\\Routing\\Middleware\\ThrottleRequests->handleRequest(Object(Illuminate\\Http\\Request), Object(Closure), Array)
#15 /var/www/backend/vendor/laravel/framework/src/Illuminate/Pipeline/Pipeline.php(209): Illuminate\\Routing\\Middleware\\ThrottleRequests->handle(Object(Illuminate\\Http\\Request), Object(Closure), '5', '1')
#16 /var/www/backend/vendor/laravel/framework/src/Illuminate/Pipeline/Pipeline.php(127): Illuminate\\Pipeline\\Pipeline->Illuminate\\Pipeline\\{closure}(Object(Illuminate\\Http\\Request))
#17 /var/www/backend/vendor/laravel/framework/src/Illuminate/Routing/Router.php(807): Illuminate\\Pipeline\\Pipeline->then(Object(Closure))
#18 /var/www/backend/vendor/laravel/framework/src/Illuminate/Routing/Router.php(786): Illuminate\\Routing\\Router->runRouteWithinStack(Object(Illuminate\\Routing\\Route), Object(Illuminate\\Http\\Request))
#19 /var/www/backend/vendor/laravel/framework/src/Illuminate/Routing/Router.php(750): Illuminate\\Routing\\Router->runRoute(Object(Illuminate\\Http\\Request), Object(Illuminate\\Routing\\Route))
#20 /var/www/backend/vendor/laravel/framework/src/Illuminate/Routing/Router.php(739): Illuminate\\Routing\\Router->dispatchToRoute(Object(Illuminate\\Http\\Request))
#21 /var/www/backend/vendor/laravel/framework/src/Illuminate/Foundation/Http/Kernel.php(201): Illuminate\\Routing\\Router->dispatch(Object(Illuminate\\Http\\Request))
#22 /var/www/backend/vendor/laravel/framework/src/Illuminate/Pipeline/Pipeline.php(170): Illuminate\\Foundation\\Http\\Kernel->Illuminate\\Foundation\\Http\\{closure}(Object(Illuminate\\Http\\Request))
#23 /var/www/backend/vendor/laravel/framework/src/Illuminate/Foundation/Http/Middleware/TransformsRequest.php(21): Illuminate\\Pipeline\\Pipeline->Illuminate\\Pipeline\\{closure}(Object(Illuminate\\Http\\Request))
#24 /var/www/backend/vendor/laravel/framework/src/Illuminate/Foundation/Http/Middleware/ConvertEmptyStringsToNull.php(31): Illuminate\\Foundation\\Http\\Middleware\\TransformsRequest->handle(Object(Illuminate\\Http\\Request), Object(Closure))
#25 /var/www/backend/vendor/laravel/framework/src/Illuminate/Pipeline/Pipeline.php(209): Illuminate\\Foundation\\Http\\Middleware\\ConvertEmptyStringsToNull->handle(Object(Illuminate\\Http\\Request), Object(Closure))
#26 /var/www/backend/vendor/laravel/framework/src/Illuminate/Foundation/Http/Middleware/TransformsRequest.php(21): Illuminate\\Pipeline\\Pipeline->Illuminate\\Pipeline\\{closure}(Object(Illuminate\\Http\\Request))
#27 /var/www/backend/vendor/laravel/framework/src/Illuminate/Foundation/Http/Middleware/TrimStrings.php(51): Illuminate\\Foundation\\Http\\Middleware\\TransformsRequest->handle(Object(Illuminate\\Http\\Request), Object(Closure))
#28 /var/www/backend/vendor/laravel/framework/src/Illuminate/Pipeline/Pipeline.php(209): Illuminate\\Foundation\\Http\\Middleware\\TrimStrings->handle(Object(Illuminate\\Http\\Request), Object(Closure))
#29 /var/www/backend/vendor/laravel/framework/src/Illuminate/Http/Middleware/ValidatePostSize.php(27): Illuminate\\Pipeline\\Pipeline->Illuminate\\Pipeline\\{closure}(Object(Illuminate\\Http\\Request))
#30 /var/www/backend/vendor/laravel/framework/src/Illuminate/Pipeline/Pipeline.php(209): Illuminate\\Http\\Middleware\\ValidatePostSize->handle(Object(Illuminate\\Http\\Request), Object(Closure))
#31 /var/www/backend/vendor/laravel/framework/src/Illuminate/Foundation/Http/Middleware/PreventRequestsDuringMaintenance.php(110): Illuminate\\Pipeline\\Pipeline->Illuminate\\Pipeline\\{closure}(Object(Illuminate\\Http\\Request))
#32 /var/www/backend/vendor/laravel/framework/src/Illuminate/Pipeline/Pipeline.php(209): Illuminate\\Foundation\\Http\\Middleware\\PreventRequestsDuringMaintenance->handle(Object(Illuminate\\Http\\Request), Object(Closure))
#33 /var/www/backend/vendor/laravel/framework/src/Illuminate/Http/Middleware/HandleCors.php(62): Illuminate\\Pipeline\\Pipeline->Illuminate\\Pipeline\\{closure}(Object(Illuminate\\Http\\Request))
#34 /var/www/backend/vendor/laravel/framework/src/Illuminate/Pipeline/Pipeline.php(209): Illuminate\\Http\\Middleware\\HandleCors->handle(Object(Illuminate\\Http\\Request), Object(Closure))
#35 /var/www/backend/vendor/laravel/framework/src/Illuminate/Http/Middleware/TrustProxies.php(58): Illuminate\\Pipeline\\Pipeline->Illuminate\\Pipeline\\{closure}(Object(Illuminate\\Http\\Request))
#36 /var/www/backend/vendor/laravel/framework/src/Illuminate/Pipeline/Pipeline.php(209): Illuminate\\Http\\Middleware\\TrustProxies->handle(Object(Illuminate\\Http\\Request), Object(Closure))
#37 /var/www/backend/vendor/laravel/framework/src/Illuminate/Foundation/Http/Middleware/InvokeDeferredCallbacks.php(22): Illuminate\\Pipeline\\Pipeline->Illuminate\\Pipeline\\{closure}(Object(Illuminate\\Http\\Request))
#38 /var/www/backend/vendor/laravel/framework/src/Illuminate/Pipeline/Pipeline.php(209): Illuminate\\Foundation\\Http\\Middleware\\InvokeDeferredCallbacks->handle(Object(Illuminate\\Http\\Request), Object(Closure))
#39 /var/www/backend/vendor/laravel/framework/src/Illuminate/Pipeline/Pipeline.php(127): Illuminate\\Pipeline\\Pipeline->Illuminate\\Pipeline\\{closure}(Object(Illuminate\\Http\\Request))
#40 /var/www/backend/vendor/laravel/framework/src/Illuminate/Foundation/Http/Kernel.php(176): Illuminate\\Pipeline\\Pipeline->then(Object(Closure))
#41 /var/www/backend/vendor/laravel/framework/src/Illuminate/Foundation/Http/Kernel.php(145): Illuminate\\Foundation\\Http\\Kernel->sendRequestThroughRouter(Object(Illuminate\\Http\\Request))
#42 /var/www/backend/vendor/laravel/framework/src/Illuminate/Foundation/Application.php(1220): Illuminate\\Foundation\\Http\\Kernel->handle(Object(Illuminate\\Http\\Request))
#43 /var/www/backend/public/index.php(10): Illuminate\\Foundation\\Application->handleRequest(Object(Illuminate\\Http\\Request))
#44 /var/www/backend/vendor/laravel/framework/src/Illuminate/Foundation/resources/server.php(23): require_once('/var/www/backen...')
#45 {main}

[previous exception] [object] (PDOException(code: 42S02): SQLSTATE[42S02]: Base table or view not found: 1146 Table 'ofogh.cache' doesn't exist at /var/www/backend/vendor/laravel/framework/src/Illuminate/Database/Connection.php:407)
[stacktrace]
#0 /var/www/backend/vendor/laravel/framework/src/Illuminate/Database/Connection.php(407): PDO->prepare('select * from `...')
#1 /var/www/backend/vendor/laravel/framework/src/Illuminate/Database/Connection.php(812): Illuminate\\Database\\Connection->Illuminate\\Database\\{closure}('select * from `...', Array)
#2 /var/www/backend/vendor/laravel/framework/src/Illuminate/Database/Connection.php(779): Illuminate\\Database\\Connection->runQueryCallback('select * from `...', Array, Object(Closure))
#3 /var/www/backend/vendor/laravel/framework/src/Illuminate/Database/Connection.php(398): Illuminate\\Database\\Connection->run('select * from `...', Array, Object(Closure))
#4 /var/www/backend/vendor/laravel/framework/src/Illuminate/Database/Query/Builder.php(3106): Illuminate\\Database\\Connection->select('select * from `...', Array, true)
#5 /var/www/backend/vendor/laravel/framework/src/Illuminate/Database/Query/Builder.php(3091): Illuminate\\Database\\Query\\Builder->runSelect()
#6 /var/www/backend/vendor/laravel/framework/src/Illuminate/Database/Query/Builder.php(3676): Illuminate\\Database\\Query\\Builder->Illuminate\\Database\\Query\\{closure}()
#7 /var/www/backend/vendor/laravel/framework/src/Illuminate/Database/Query/Builder.php(3090): Illuminate\\Database\\Query\\Builder->onceWithColumns(Array, Object(Closure))
#8 /var/www/backend/vendor/laravel/framework/src/Illuminate/Cache/DatabaseStore.php(130): Illuminate\\Database\\Query\\Builder->get()
#9 /var/www/backend/vendor/laravel/framework/src/Illuminate/Cache/DatabaseStore.php(105): Illuminate\\Cache\\DatabaseStore->many(Array)
#10 /var/www/backend/vendor/laravel/framework/src/Illuminate/Cache/Repository.php(117): Illuminate\\Cache\\DatabaseStore->get('b7ad7f2b04bd98f...')
#11 /var/www/backend/vendor/laravel/framework/src/Illuminate/Cache/RateLimiter.php(207): Illuminate\\Cache\\Repository->get('b7ad7f2b04bd98f...', 0)
#12 /var/www/backend/vendor/laravel/framework/src/Illuminate/Cache/RateLimiter.php(301): Illuminate\\Cache\\RateLimiter->Illuminate\\Cache\\{closure}()
#13 /var/www/backend/vendor/laravel/framework/src/Illuminate/Cache/RateLimiter.php(207): Illuminate\\Cache\\RateLimiter->withoutSerializationOrCompression(Object(Closure))
#14 /var/www/backend/vendor/laravel/framework/src/Illuminate/Cache/RateLimiter.php(130): Illuminate\\Cache\\RateLimiter->attempts('b7ad7f2b04bd98f...')
#15 /var/www/backend/vendor/laravel/framework/src/Illuminate/Routing/Middleware/ThrottleRequests.php(154): Illuminate\\Cache\\RateLimiter->tooManyAttempts('b7ad7f2b04bd98f...', 5)
#16 /var/www/backend/vendor/laravel/framework/src/Illuminate/Routing/Middleware/ThrottleRequests.php(92): Illuminate\\Routing\\Middleware\\ThrottleRequests->handleRequest(Object(Illuminate\\Http\\Request), Object(Closure), Array)
#17 /var/www/backend/vendor/laravel/framework/src/Illuminate/Pipeline/Pipeline.php(209): Illuminate\\Routing\\Middleware\\ThrottleRequests->handle(Object(Illuminate\\Http\\Request), Object(Closure), '5', '1')
#18 /var/www/backend/vendor/laravel/framework/src/Illuminate/Pipeline/Pipeline.php(127): Illuminate\\Pipeline\\Pipeline->Illuminate\\Pipeline\\{closure}(Object(Illuminate\\Http\\Request))
#19 /var/www/backend/vendor/laravel/framework/src/Illuminate/Routing/Router.php(807): Illuminate\\Pipeline\\Pipeline->then(Object(Closure))
#20 /var/www/backend/vendor/laravel/framework/src/Illuminate/Routing/Router.php(786): Illuminate\\Routing\\Router->runRouteWithinStack(Object(Illuminate\\Routing\\Route), Object(Illuminate\\Http\\Request))
#21 /var/www/backend/vendor/laravel/framework/src/Illuminate/Routing/Router.php(750): Illuminate\\Routing\\Router->runRoute(Object(Illuminate\\Http\\Request), Object(Illuminate\\Routing\\Route))
#22 /var/www/backend/vendor/laravel/framework/src/Illuminate/Routing/Router.php(739): Illuminate\\Routing\\Router->dispatchToRoute(Object(Illuminate\\Http\\Request))
#23 /var/www/backend/vendor/laravel/framework/src/Illuminate/Foundation/Http/Kernel.php(201): Illuminate\\Routing\\Router->dispatch(Object(Illuminate\\Http\\Request))
#24 /var/www/backend/vendor/laravel/framework/src/Illuminate/Pipeline/Pipeline.php(170): Illuminate\\Foundation\\Http\\Kernel->Illuminate\\Foundation\\Http\\{closure}(Object(Illuminate\\Http\\Request))
#25 /var/www/backend/vendor/laravel/framework/src/Illuminate/Foundation/Http/Middleware/TransformsRequest.php(21): Illuminate\\Pipeline\\Pipeline->Illuminate\\Pipeline\\{closure}(Object(Illuminate\\Http\\Request))
#26 /var/www/backend/vendor/laravel/framework/src/Illuminate/Foundation/Http/Middleware/ConvertEmptyStringsToNull.php(31): Illuminate\\Foundation\\Http\\Middleware\\TransformsRequest->handle(Object(Illuminate\\Http\\Request), Object(Closure))
#27 /var/www/backend/vendor/laravel/framework/src/Illuminate/Pipeline/Pipeline.php(209): Illuminate\\Foundation\\Http\\Middleware\\ConvertEmptyStringsToNull->handle(Object(Illuminate\\Http\\Request), Object(Closure))
#28 /var/www/backend/vendor/laravel/framework/src/Illuminate/Foundation/Http/Middleware/TransformsRequest.php(21): Illuminate\\Pipeline\\Pipeline->Illuminate\\Pipeline\\{closure}(Object(Illuminate\\Http\\Request))
#29 /var/www/backend/vendor/laravel/framework/src/Illuminate/Foundation/Http/Middleware/TrimStrings.php(51): Illuminate\\Foundation\\Http\\Middleware\\TransformsRequest->handle(Object(Illuminate\\Http\\Request), Object(Closure))
#30 /var/www/backend/vendor/laravel/framework/src/Illuminate/Pipeline/Pipeline.php(209): Illuminate\\Foundation\\Http\\Middleware\\TrimStrings->handle(Object(Illuminate\\Http\\Request), Object(Closure))
#31 /var/www/backend/vendor/laravel/framework/src/Illuminate/Http/Middleware/ValidatePostSize.php(27): Illuminate\\Pipeline\\Pipeline->Illuminate\\Pipeline\\{closure}(Object(Illuminate\\Http\\Request))
#32 /var/www/backend/vendor/laravel/framework/src/Illuminate/Pipeline/Pipeline.php(209): Illuminate\\Http\\Middleware\\ValidatePostSize->handle(Object(Illuminate\\Http\\Request), Object(Closure))
#33 /var/www/backend/vendor/laravel/framework/src/Illuminate/Foundation/Http/Middleware/PreventRequestsDuringMaintenance.php(110): Illuminate\\Pipeline\\Pipeline->Illuminate\\Pipeline\\{closure}(Object(Illuminate\\Http\\Request))
#34 /var/www/backend/vendor/laravel/framework/src/Illuminate/Pipeline/Pipeline.php(209): Illuminate\\Foundation\\Http\\Middleware\\PreventRequestsDuringMaintenance->handle(Object(Illuminate\\Http\\Request), Object(Closure))
#35 /var/www/backend/vendor/laravel/framework/src/Illuminate/Http/Middleware/HandleCors.php(62): Illuminate\\Pipeline\\Pipeline->Illuminate\\Pipeline\\{closure}(Object(Illuminate\\Http\\Request))
#36 /var/www/backend/vendor/laravel/framework/src/Illuminate/Pipeline/Pipeline.php(209): Illuminate\\Http\\Middleware\\HandleCors->handle(Object(Illuminate\\Http\\Request), Object(Closure))
#37 /var/www/backend/vendor/laravel/framework/src/Illuminate/Http/Middleware/TrustProxies.php(58): Illuminate\\Pipeline\\Pipeline->Illuminate\\Pipeline\\{closure}(Object(Illuminate\\Http\\Request))
#38 /var/www/backend/vendor/laravel/framework/src/Illuminate/Pipeline/Pipeline.php(209): Illuminate\\Http\\Middleware\\TrustProxies->handle(Object(Illuminate\\Http\\Request), Object(Closure))
#39 /var/www/backend/vendor/laravel/framework/src/Illuminate/Foundation/Http/Middleware/InvokeDeferredCallbacks.php(22): Illuminate\\Pipeline\\Pipeline->Illuminate\\Pipeline\\{closure}(Object(Illuminate\\Http\\Request))
#40 /var/www/backend/vendor/laravel/framework/src/Illuminate/Pipeline/Pipeline.php(209): Illuminate\\Foundation\\Http\\Middleware\\InvokeDeferredCallbacks->handle(Object(Illuminate\\Http\\Request), Object(Closure))
#41 /var/www/backend/vendor/laravel/framework/src/Illuminate/Pipeline/Pipeline.php(127): Illuminate\\Pipeline\\Pipeline->Illuminate\\Pipeline\\{closure}(Object(Illuminate\\Http\\Request))
#42 /var/www/backend/vendor/laravel/framework/src/Illuminate/Foundation/Http/Kernel.php(176): Illuminate\\Pipeline\\Pipeline->then(Object(Closure))
#43 /var/www/backend/vendor/laravel/framework/src/Illuminate/Foundation/Http/Kernel.php(145): Illuminate\\Foundation\\Http\\Kernel->sendRequestThroughRouter(Object(Illuminate\\Http\\Request))
#44 /var/www/backend/vendor/laravel/framework/src/Illuminate/Foundation/Application.php(1220): Illuminate\\Foundation\\Http\\Kernel->handle(Object(Illuminate\\Http\\Request))
#45 /var/www/backend/public/index.php(10): Illuminate\\Foundation\\Application->handleRequest(Object(Illuminate\\Http\\Request))
#46 /var/www/backend/vendor/laravel/framework/src/Illuminate/Foundation/resources/server.php(23): require_once('/var/www/backen...')
#47 {main}
"} 
[2026-10-10 11:56:42] local.ERROR: SQLSTATE[42S02]: Base table or view not found: 1146 Table 'ofogh.cache' doesn't exist (Connection: mysql, SQL: delete from `cache`) {"exception":"[object] (Illuminate\\Database\\QueryException(code: 42S02): SQLSTATE[42S02]: Base table or view not found: 1146 Table 'ofogh.cache' doesn't exist (Connection: mysql, SQL: delete from `cache`) at /var/www/backend/vendor/laravel/framework/src/Illuminate/Database/Connection.php:825)
[stacktrace]
#0 /var/www/backend/vendor/laravel/framework/src/Illuminate/Database/Connection.php(779): Illuminate\\Database\\Connection->runQueryCallback('delete from `ca...', Array, Object(Closure))
#1 /var/www/backend/vendor/laravel/framework/src/Illuminate/Database/Connection.php(584): Illuminate\\Database\\Connection->run('delete from `ca...', Array, Object(Closure))
#2 /var/www/backend/vendor/laravel/framework/src/Illuminate/Database/Connection.php(548): Illuminate\\Database\\Connection->affectingStatement('delete from `ca...', Array)
#3 /var/www/backend/vendor/laravel/framework/src/Illuminate/Database/Query/Builder.php(4024): Illuminate\\Database\\Connection->delete('delete from `ca...', Array)
#4 /var/www/backend/vendor/laravel/framework/src/Illuminate/Cache/DatabaseStore.php(422): Illuminate\\Database\\Query\\Builder->delete()
#5 /var/www/backend/vendor/laravel/framework/src/Illuminate/Cache/Repository.php(792): Illuminate\\Cache\\DatabaseStore->flush()
#6 /var/www/backend/vendor/laravel/framework/src/Illuminate/Cache/Console/ClearCommand.php(69): Illuminate\\Cache\\Repository->__call('flush', Array)
#7 /var/www/backend/vendor/laravel/framework/src/Illuminate/Container/BoundMethod.php(36): Illuminate\\Cache\\Console\\ClearCommand->handle()
#8 /var/www/backend/vendor/laravel/framework/src/Illuminate/Container/Util.php(43): Illuminate\\Container\\BoundMethod::Illuminate\\Container\\{closure}()
#9 /var/www/backend/vendor/laravel/framework/src/Illuminate/Container/BoundMethod.php(95): Illuminate\\Container\\Util::unwrapIfClosure(Object(Closure))
#10 /var/www/backend/vendor/laravel/framework/src/Illuminate/Container/BoundMethod.php(35): Illuminate\\Container\\BoundMethod::callBoundMethod(Object(Illuminate\\Foundation\\Application), Array, Object(Closure))
#11 /var/www/backend/vendor/laravel/framework/src/Illuminate/Container/Container.php(696): Illuminate\\Container\\BoundMethod::call(Object(Illuminate\\Foundation\\Application), Array, Array, NULL)
#12 /var/www/backend/vendor/laravel/framework/src/Illuminate/Console/Command.php(213): Illuminate\\Container\\Container->call(Array)
#13 /var/www/backend/vendor/symfony/console/Command/Command.php(341): Illuminate\\Console\\Command->execute(Object(Symfony\\Component\\Console\\Input\\ArgvInput), Object(Illuminate\\Console\\OutputStyle))
#14 /var/www/backend/vendor/laravel/framework/src/Illuminate/Console/Command.php(182): Symfony\\Component\\Console\\Command\\Command->run(Object(Symfony\\Component\\Console\\Input\\ArgvInput), Object(Illuminate\\Console\\OutputStyle))
#15 /var/www/backend/vendor/symfony/console/Application.php(1117): Illuminate\\Console\\Command->run(Object(Symfony\\Component\\Console\\Input\\ArgvInput), Object(Symfony\\Component\\Console\\Output\\ConsoleOutput))
#16 /var/www/backend/vendor/symfony/console/Application.php(356): Symfony\\Component\\Console\\Application->doRunCommand(Object(Illuminate\\Cache\\Console\\ClearCommand), Object(Symfony\\Component\\Console\\Input\\ArgvInput), Object(Symfony\\Component\\Console\\Output\\ConsoleOutput))
#17 /var/www/backend/vendor/symfony/console/Application.php(195): Symfony\\Component\\Console\\Application->doRun(Object(Symfony\\Component\\Console\\Input\\ArgvInput), Object(Symfony\\Component\\Console\\Output\\ConsoleOutput))
#18 /var/www/backend/vendor/laravel/framework/src/Illuminate/Foundation/Console/Kernel.php(198): Symfony\\Component\\Console\\Application->run(Object(Symfony\\Component\\Console\\Input\\ArgvInput), Object(Symfony\\Component\\Console\\Output\\ConsoleOutput))
#19 /var/www/backend/vendor/laravel/framework/src/Illuminate/Foundation/Application.php(1235): Illuminate\\Foundation\\Console\\Kernel->handle(Object(Symfony\\Component\\Console\\Input\\ArgvInput), Object(Symfony\\Component\\Console\\Output\\ConsoleOutput))
#20 /var/www/backend/artisan(10): Illuminate\\Foundation\\Application->handleCommand(Object(Symfony\\Component\\Console\\Input\\ArgvInput))
#21 {main}

[previous exception] [object] (PDOException(code: 42S02): SQLSTATE[42S02]: Base table or view not found: 1146 Table 'ofogh.cache' doesn't exist at /var/www/backend/vendor/laravel/framework/src/Illuminate/Database/Connection.php:592)
[stacktrace]
#0 /var/www/backend/vendor/laravel/framework/src/Illuminate/Database/Connection.php(592): PDO->prepare('delete from `ca...')
#1 /var/www/backend/vendor/laravel/framework/src/Illuminate/Database/Connection.php(812): Illuminate\\Database\\Connection->Illuminate\\Database\\{closure}('delete from `ca...', Array)
#2 /var/www/backend/vendor/laravel/framework/src/Illuminate/Database/Connection.php(779): Illuminate\\Database\\Connection->runQueryCallback('delete from `ca...', Array, Object(Closure))
#3 /var/www/backend/vendor/laravel/framework/src/Illuminate/Database/Connection.php(584): Illuminate\\Database\\Connection->run('delete from `ca...', Array, Object(Closure))
#4 /var/www/backend/vendor/laravel/framework/src/Illuminate/Database/Connection.php(548): Illuminate\\Database\\Connection->affectingStatement('delete from `ca...', Array)
#5 /var/www/backend/vendor/laravel/framework/src/Illuminate/Database/Query/Builder.php(4024): Illuminate\\Database\\Connection->delete('delete from `ca...', Array)
#6 /var/www/backend/vendor/laravel/framework/src/Illuminate/Cache/DatabaseStore.php(422): Illuminate\\Database\\Query\\Builder->delete()
#7 /var/www/backend/vendor/laravel/framework/src/Illuminate/Cache/Repository.php(792): Illuminate\\Cache\\DatabaseStore->flush()
#8 /var/www/backend/vendor/laravel/framework/src/Illuminate/Cache/Console/ClearCommand.php(69): Illuminate\\Cache\\Repository->__call('flush', Array)
#9 /var/www/backend/vendor/laravel/framework/src/Illuminate/Container/BoundMethod.php(36): Illuminate\\Cache\\Console\\ClearCommand->handle()
#10 /var/www/backend/vendor/laravel/framework/src/Illuminate/Container/Util.php(43): Illuminate\\Container\\BoundMethod::Illuminate\\Container\\{closure}()
#11 /var/www/backend/vendor/laravel/framework/src/Illuminate/Container/BoundMethod.php(95): Illuminate\\Container\\Util::unwrapIfClosure(Object(Closure))
#12 /var/www/backend/vendor/laravel/framework/src/Illuminate/Container/BoundMethod.php(35): Illuminate\\Container\\BoundMethod::callBoundMethod(Object(Illuminate\\Foundation\\Application), Array, Object(Closure))
#13 /var/www/backend/vendor/laravel/framework/src/Illuminate/Container/Container.php(696): Illuminate\\Container\\BoundMethod::call(Object(Illuminate\\Foundation\\Application), Array, Array, NULL)
#14 /var/www/backend/vendor/laravel/framework/src/Illuminate/Console/Command.php(213): Illuminate\\Container\\Container->call(Array)
#15 /var/www/backend/vendor/symfony/console/Command/Command.php(341): Illuminate\\Console\\Command->execute(Object(Symfony\\Component\\Console\\Input\\ArgvInput), Object(Illuminate\\Console\\OutputStyle))
#16 /var/www/backend/vendor/laravel/framework/src/Illuminate/Console/Command.php(182): Symfony\\Component\\Console\\Command\\Command->run(Object(Symfony\\Component\\Console\\Input\\ArgvInput), Object(Illuminate\\Console\\OutputStyle))
#17 /var/www/backend/vendor/symfony/console/Application.php(1117): Illuminate\\Console\\Command->run(Object(Symfony\\Component\\Console\\Input\\ArgvInput), Object(Symfony\\Component\\Console\\Output\\ConsoleOutput))
#18 /var/www/backend/vendor/symfony/console/Application.php(356): Symfony\\Component\\Console\\Application->doRunCommand(Object(Illuminate\\Cache\\Console\\ClearCommand), Object(Symfony\\Component\\Console\\Input\\ArgvInput), Object(Symfony\\Component\\Console\\Output\\ConsoleOutput))
#19 /var/www/backend/vendor/symfony/console/Application.php(195): Symfony\\Component\\Console\\Application->doRun(Object(Symfony\\Component\\Console\\Input\\ArgvInput), Object(Symfony\\Component\\Console\\Output\\ConsoleOutput))
#20 /var/www/backend/vendor/laravel/framework/src/Illuminate/Foundation/Console/Kernel.php(198): Symfony\\Component\\Console\\Application->run(Object(Symfony\\Component\\Console\\Input\\ArgvInput), Object(Symfony\\Component\\Console\\Output\\ConsoleOutput))
#21 /var/www/backend/vendor/laravel/framework/src/Illuminate/Foundation/Application.php(1235): Illuminate\\Foundation\\Console\\Kernel->handle(Object(Symfony\\Component\\Console\\Input\\ArgvInput), Object(Symfony\\Component\\Console\\Output\\ConsoleOutput))
#22 /var/www/backend/artisan(10): Illuminate\\Foundation\\Application->handleCommand(Object(Symfony\\Component\\Console\\Input\\ArgvInput))
#23 {main}
"} 
